NODEBID,COD RF,NODEBNAME,RNC,Estado,Región RF,Region Comercial,Latitud,Longitud
3001,2091,Cantv Los Cortijos,LUR,Miranda,Gran Caracas,Gran Caracas,10.484467,-66.825586
3002,4212,El Yaque,PLM,Nueva Esparta,Oriente,Oriente,10.898186,-63.96133
3003,2197,El Conde,CNT,Distrito Capital,Gran Caracas,Gran Caracas,10.496997,-66.899586
3004,3047,VALERA,VRA,Trujillo,Occidente,Occidente,9.328686,-70.589997
3005,4086,Mariguitar,LCH,Sucre,Oriente,Oriente,10.449491,-63.899608
3009,4059,Cañafistola,PTO,Bolívar,Oriente,Guayana,8.124267,-63.507386
3010,3230,Barrancas BRN,ACA,Barinas,Occidente,Andes,8.770547,-70.116858
3012,2235,Lidice,CNT,Distrito Capital,Gran Caracas,Gran Caracas,10.514207,-66.930986
3014,4114,El Tigre Norte,LCH,Anzoátegui,Oriente,Oriente,8.905408,-64.269942
3015,2260,Juan Pablo II,FAJ,Distrito Capital,Gran Caracas,Gran Caracas,10.469827,-66.968286
3016,4140,Barrio Sucre,LCH,Anzoátegui,Oriente,Oriente,10.147597,-64.676086
3017,4222,Vial Mochima - Cumana SUC,LCH,Sucre,Oriente,Oriente,10.375964,-64.287164
3018,3061,BUENA VISTA TRUJILLO,VRA,Trujillo,Occidente,Occidente,9.287241,-70.869969
3019,3046,Ciudad Bolivia,ACA,Barinas,Occidente,Andes,8.356797,-70.575775
3020,4073,Pampatar,PLM,Nueva Esparta,Oriente,Oriente,10.997897,-63.788186
3021,3200,SAN JUAN DE COLON,SCR,Táchira,Occidente,Andes,8.016241,-72.249969
3023,3024,La Cardenera,ACA,Barinas,Occidente,Andes,8.614658,-70.191469
3026,1056,Achaguas,SFA,Apure,Central,Centro,7.780408,-68.22383
3027,4164,San Rafael Tucupita,PTO,Delta Amacuro,Oriente,Guayana,9.070686,-62.064942
3028,4109,Cumanagoto,LCH,Sucre,Oriente,Oriente,10.410697,-64.218586
3029,2368,Galipan Move,CNT,Vargas,Gran Caracas,Gran Caracas,10.551144,-66.878714
3030,2151,El Bosque,LMS,Distrito Capital,Gran Caracas,Gran Caracas,10.496197,-66.871286
3031,1081,San Felipe Centro,BTO,Yaracuy,Central,Centro Occidente,10.339686,-68.736997
3035,1048,Chaguaramas GRC,MCY,Guarico,Central,Centro,9.339297,-66.272997
3037,1104,La Barraca,MCY,Aragua,Central,Centro,10.246769,-67.586942
3038,2354,Av Moran,FAJ,Distrito Capital,Gran Caracas,Gran Caracas,10.497051,-66.942933
3040,1241,San Juan de Payara Apure,SFA,Apure,Central,Centro,7.64618,-67.609
3041,4197,Jusepin MNG,PTO,Monagas,Oriente,Oriente,9.757155,-63.464289
3042,4149,Pariaguan,LCH,Anzoátegui,Oriente,Oriente,8.833887,-64.729586
3044,3075,MERIDA,SCR,Mérida,Occidente,Andes,8.597186,-71.142719
3046,4083,La Asuncion,PLM,Nueva Esparta,Oriente,Oriente,11.030936,-63.858025
3047,1243,CC Coche Aragua,MCY,Aragua,Central,Centro,8.80928,-65.3259
3049,1154,Bararida,BTO,Lara,Central,Centro Occidente,10.080197,-69.292486
3051,1479,El Yagual SFA,SFA,Apure,Central,Centro,7.476603,-68.421969
3052,3225,Veguitas BRN,ACA,Barinas,Occidente,Andes,8.826241,-69.995497
3053,4121,Arapo,LCH,Sucre,Oriente,Oriente,10.245797,-64.514386
3056,2105,La Boyera,LMS,Miranda,Gran Caracas,Gran Caracas,10.429627,-66.837786
3057,3366,STA ELENA DE ARENALES MRD,SCR,Mérida,Occidente,Andes,8.822853,-71.463358
3058,1058,Tamaca,BTO,Lara,Central,Centro Occidente,10.198825,-69.328192
3059,2137,Las Mercedes,LMS,Miranda,Gran Caracas,Gran Caracas,10.481217,-66.859486
3060,4070,San Antonio de Capayacuar,PTO,Monagas,Oriente,Oriente,10.111325,-63.741303
3061,2081,Micro Marques Norte,LUR,Miranda,Gran Caracas,Gran Caracas,10.493947,-66.815286
3062,3167,TOVAR,SCR,Mérida,Occidente,Andes,8.314047,-71.80008
3063,1028,Las Tucuraguas (San Rafael de Onoto),ACA,Portuguesa,Central,Centro Occidente,9.719019,-69.050608
3064,4126,Mene Grande PLC,LCH,Anzoátegui,Oriente,Oriente,10.240325,-64.614525
3066,4043,Paraiso,PTO,Monagas,Oriente,Oriente,9.72993,-63.189297
3068,4113,El Tigre Centro,LCH,Anzoátegui,Oriente,Oriente,8.883907,-64.258886
3070,4038,Morro de Puerto Santo,LCH,Sucre,Oriente,Oriente,10.724997,-63.157386
3072,2135,San Roman,LMS,Miranda,Gran Caracas,Gran Caracas,10.473397,-66.857086
3074,2249,la Vega,FAJ,Distrito Capital,Gran Caracas,Gran Caracas,10.474197,-66.948386
3075,2134,Las Minas,LMS,Miranda,Gran Caracas,Gran Caracas,10.450337,-66.856586
3076,1219,Altagracia de Orituco,MCY,Guarico,Central,Centro,8.91144,-67.4365
3078,3209,SAN ANTONIO DEL TACHIRA,SCR,Táchira,Occidente,Andes,7.81263,-72.437719
3081,3355,MONTE CARMELO,VRA,Trujillo,Occidente,Occidente,9.189575,-70.839664
3083,2104,Santa Eduvigis,LMS,Miranda,Gran Caracas,Gran Caracas,10.502677,-66.836786
3084,4199,Santa Maria NVA,PLM,Nueva Esparta,Oriente,Oriente,10.950686,-64.097442
3085,1199,Puricaure LAR,BTO,Lara,Central,Centro Occidente,10.085158,-70.455858
3087,1277,San Nicolas Portuguesa,ACA,Portuguesa,Central,Centro Occidente,8.801519,-69.764108
3088,1179,La Hamaca Z. Ind. Pinonal,MCY,Aragua,Central,Centro,10.1863,-67.4608
3089,4162,El Palmar BOL,PTO,Bolívar,Oriente,Guayana,8.00513,-61.909664
3090,2700,Quinta Crespo MOVE,CNT,Distrito Capital,Gran Caracas,Gran Caracas,10.49353,-66.920314
3091,4101,Gran Mariscal,LCH,Sucre,Oriente,Oriente,10.473686,-64.12383
3092,3226,El Real,ACA,Barinas,Occidente,Andes,8.435964,-69.997719
3093,1020,Puerto Ayacucho,SFA,Amazonas,Central,Guayana,5.660997,-67.623169
3094,2395,Petare Micro,LUR,Miranda,Gran Caracas,Gran Caracas,10.478186,-66.807497
3095,3073,BACHAQUERO,VRA,Zulia,Occidente,Occidente,9.968297,-71.117636
3099,1368,Macapo COJ,ACA,Cojedes,Central,Centro Occidente,9.824853,-68.439108
3102,2059,Guaicoco,LMS,Miranda,Gran Caracas,Gran Caracas,10.469467,-66.768186
3103,3085,EJIDO,SCR,Mérida,Occidente,Andes,8.54063,-71.249886
3104,2132,Ciempies,LMS,Miranda,Gran Caracas,Gran Caracas,10.483247,-66.855286
3107,2397,Makro La Urbina,LUR,Miranda,Gran Caracas,Gran Caracas,10.495991,-66.79908
3108,4008,Guiria,LCH,Sucre,Oriente,Oriente,10.601519,-62.29883
3110,4078,La Arboleda,PLM,Nueva Esparta,Oriente,Oriente,10.971033,-63.833989
3111,4024,Cerro Quemado,PTO,Bolívar,Oriente,Guayana,8.247908,-62.795775
3117,2063,Filas de Mariche,LUR,Miranda,Gran Caracas,Gran Caracas,10.488397,-66.785286
3119,4010,Upata Centro,PTO,Bolívar,Oriente,Guayana,8.006583,-62.397325
3120,2286,El Junko,CNT,Vargas,Gran Caracas,Gran Caracas,10.485547,-67.059686
3121,2272,Luis Hurtado,CNT,Distrito Capital,Gran Caracas,Gran Caracas,10.486697,-66.993486
3122,3031,Cuatricentenaria,ACA,Barinas,Occidente,Andes,8.642047,-70.241608
3123,4134,Barcelona Industrial,LCH,Anzoátegui,Oriente,Oriente,10.124386,-64.640919
3126,2089,Vista Arroyo,LMS,Miranda,Gran Caracas,Gran Caracas,10.455017,-66.822586
3127,2256,Vista Alegre,FAJ,Distrito Capital,Gran Caracas,Gran Caracas,10.486547,-66.957386
3128,2122,Centro Letonia,LMS,Miranda,Gran Caracas,Gran Caracas,10.498007,-66.849586
3129,4256,San Jose de Guaribe,MCY,Guarico,Central,Centro,10.230167,-67.335023
3131,2087,El Marques,LUR,Miranda,Gran Caracas,Gran Caracas,10.482447,-66.819286
3134,2147,Country Club Sur,LMS,Miranda,Gran Caracas,Gran Caracas,10.497827,-66.866686
3135,1086,Bella Cagua,MCY,Aragua,Central,Centro,10.166991,-67.451192
3136,1228,Carora Centro,BTO,Lara,Central,Centro Occidente,10.175436,-70.082986
3137,1232,Francisco de Miranda,MCY,Aragua,Central,Centro,9.3832,-67.0527
3141,4105,Cumana,LCH,Sucre,Oriente,Oriente,10.460769,-64.167164
3144,4018,Puerto Ordaz Centro,PTO,Bolívar,Oriente,Guayana,8.315686,-62.715747
3145,4047,Boqueron Maturin,PTO,Monagas,Oriente,Oriente,9.770686,-63.206886
3146,1224,Rio Claro,BTO,Lara,Central,Centro Occidente,9.93638,-69.345442
3151,2131,Los Angeles,LMS,Miranda,Gran Caracas,Gran Caracas,10.487537,-66.854986
3153,3306,VIAL TOVAR GUARAQUE,SCR,Mérida,Occidente,Andes,8.256797,-71.732719
3154,1097,Buena Vista,BTO,Lara,Central,Centro Occidente,9.859908,-69.45458
3156,1070,Santa Cruz de Aragua,MCY,Aragua,Central,Centro,10.17638,-67.512525
3157,3074,MUCUCHARASTI,SCR,Mérida,Occidente,Andes,8.613547,-71.12783
3159,2333,Km 9 El Junquito,FAJ,Distrito Capital,Gran Caracas,Gran Caracas,10.471237,-67.002086
3163,2819,Lomas del Avila GSM,LUR,Miranda,Gran Caracas,Gran Caracas,10.482817,-66.78891
3164,4124,El Rincon,LCH,Anzoátegui,Oriente,Oriente,10.129241,-64.59433
3165,1504,Carrera 4 BTO,BTO,Lara,Central,Centro Occidente,10.079686,-69.346247
3166,2153,Alta Florida Norte,LMS,Distrito Capital,Gran Caracas,Gran Caracas,10.508427,-66.871586
3167,3328,PERIBECA TCH,SCR,Táchira,Occidente,Andes,7.826519,-72.271886
3168,4003,El Callao BOL,PTO,Bolívar,Oriente,Guayana,7.372111,-61.824833
3170,4058,Mirador Caripe,PTO,Monagas,Oriente,Oriente,10.189575,-63.508553
3171,1274,Vial Tamaca-Duaca (Paso de Tacarigua),BTO,Lara,Central,Centro Occidente,10.230686,-69.231942
3173,2193,Guaicaipuro,CNT,Distrito Capital,Gran Caracas,Gran Caracas,10.504287,-66.895686
3175,2171,Cumbres de Curumo,LMS,Miranda,Gran Caracas,Gran Caracas,10.461447,-66.880686
3178,1250,La Piedad Barquisimeto,BTO,Lara,Central,Centro Occidente,10.00988,-69.225997
3181,3208,MATA MULA,SCR,Táchira,Occidente,Andes,7.629853,-72.431053
3185,1171,Barquisimeto Industrial,BTO,Lara,Central,Centro Occidente,10.085408,-69.350497
3187,4049,Guayacan,LCH,Sucre,Oriente,Oriente,10.628697,-63.260386
3188,3081,LA PEDREGOSA,SCR,Mérida,Occidente,Andes,8.574353,-71.188664
3189,2142,AguaSal,LMS,Miranda,Gran Caracas,Gran Caracas,10.482977,-66.862786
3190,1240,San Fernando Norte,SFA,Apure,Central,Centro,7.891,-67.4737
3191,2194,Centro Medico,CNT,Distrito Capital,Gran Caracas,Gran Caracas,10.511547,-66.896286
3194,2254,Mangos de la Vega,FAJ,Distrito Capital,Gran Caracas,Gran Caracas,10.450677,-66.953886
3198,4110,Wiston Churchill,LCH,Anzoátegui,Oriente,Oriente,8.885417,-64.234586
3199,2173,USB,LMS,Miranda,Gran Caracas,Gran Caracas,10.409905,-66.882086
3200,2370,Nuevo Circo (Move),CNT,Distrito Capital,Gran Caracas,Gran Caracas,10.498658,-66.9071
3201,2308,Osma,CNT,Vargas,Gran Caracas,Gran Caracas,10.629116,-66.511714
3202,2148,El Rosal,LMS,Miranda,Gran Caracas,Gran Caracas,10.489677,-66.867286
3203,2068,Maca,LUR,Miranda,Gran Caracas,Gran Caracas,10.45724,-66.795732
3204,4030,Guri,PTO,Bolívar,Oriente,Guayana,7.770964,-63.047719
3205,2241,Ruperto Lugo,CNT,Distrito Capital,Gran Caracas,Gran Caracas,10.519157,-66.939386
3207,3068,LA CEIBA TRJ,VRA,Trujillo,Occidente,Occidente,9.471436,-71.01308
3208,2315,Barrio Union,LUR,Miranda,Gran Caracas,Gran Caracas,10.473097,-66.802386
3209,2092,Los Cortijos,LUR,Miranda,Gran Caracas,Gran Caracas,10.486077,-66.827086
3210,1126,San Jacinto,MCY,Aragua,Central,Centro,10.235297,-67.555803
3212,4128,CANTV Anzoategui,LCH,Anzoátegui,Oriente,Oriente,10.215197,-64.631786
3215,2103,Santa Cecilia,LUR,Miranda,Gran Caracas,Gran Caracas,10.492707,-66.834786
3217,4269,Fuerte Paramaconi Maturin (MVS Paramaconi),PTO,Monagas,Oriente,Oriente,9.719575,-63.241886
3218,1140,Duaca,BTO,Lara,Central,Centro Occidente,10.285853,-69.114497
3220,2121,Altamira Sur,LMS,Miranda,Gran Caracas,Gran Caracas,10.492207,-66.848786
3221,1134,Turmero,MCY,Aragua,Central,Centro,10.220797,-67.518386
3223,2072,Petare,LUR,Miranda,Gran Caracas,Gran Caracas,10.477327,-66.805586
3225,1027,San Isidro,MCY,Aragua,Central,Centro,10.258741,-67.593525
3227,4117,Santa Fe,LCH,Sucre,Oriente,Oriente,10.279853,-64.422164
3229,2206,Esquina San Miguel,CNT,Distrito Capital,Gran Caracas,Gran Caracas,10.511167,-66.907786
3230,2215,Banco Central,CNT,Distrito Capital,Gran Caracas,Gran Caracas,10.508557,-66.914286
3231,1294,Rio Acarigua,ACA,Portuguesa,Central,Centro Occidente,9.515075,-69.274886
3236,4100,Punta de Piedra,PLM,Nueva Esparta,Oriente,Oriente,10.897075,-64.086886
3237,3337,Socopo Centro BRN,ACA,Barinas,Occidente,Andes,8.227491,-70.816719
3238,4087,Isla Bonita,PLM,Nueva Esparta,Oriente,Oriente,11.132697,-63.915186
3239,4168,El Triunfo DAM,PTO,Delta Amacuro,Oriente,Guayana,8.411519,-62.490775
3241,4014,Temblador,PTO,Monagas,Oriente,Oriente,9.007977,-62.639586
3242,1416,San Miguel de Cunaviche,SFA,Apure,Central,Centro,7.36423,-67.4115
3244,1328,La Julia Turmero,MCY,Aragua,Central,Centro,10.2098,-67.5859
3246,1124,Cerro Araure,ACA,Portuguesa,Central,Centro Occidente,9.580103,-69.224192
3247,1273,Guarico de Lara,BTO,Lara,Central,Centro Occidente,9.636075,-69.788803
3248,1017,Orituco,MCY,Guarico,Central,Centro,9.396353,-66.457914
3249,2430,Chuao Micro,LMS,Miranda,Gran Caracas,Gran Caracas,10.4837,-66.8451
3251,1851,Las Flores Verdes Capanaparo APR,SFA,Apure,Central,Centro,6.84921,-69.013888
3252,1181,Av. Las Industrias,BTO,Lara,Central,Centro Occidente,10.072075,-69.374942
3254,4206,San Antonio Del Golfo SUC,LCH,Sucre,Oriente,Oriente,10.441241,-63.789664
3255,1194,Agua Blanca Portuguesa,ACA,Portuguesa,Central,Centro Occidente,9.643464,-69.11633
3256,1144,El Rosal Barquisimeto,BTO,Lara,Central,Centro Occidente,10.060686,-69.334053
3257,4050,Maturin Industrial,PTO,Monagas,Oriente,Oriente,9.717147,-63.266686
3258,3187,PIRINEOS TCH,SCR,Táchira,Occidente,Andes,7.777297,-72.212525
3259,1270,Quebrada Arriba LAR,BTO,Lara,Central,Centro Occidente,10.239853,-70.537442
3265,1323,UNEXPO Barquisimeto,BTO,Lara,Central,Centro Occidente,10.059575,-69.366608
3266,2297,Geremba,CNT,Miranda,Gran Caracas,Gran Caracas,10.409936,-67.218219
3269,2129,Chacao,LMS,Miranda,Gran Caracas,Gran Caracas,10.492827,-66.853486
3270,2025,La Sabana,CNT,Vargas,Gran Caracas,Gran Caracas,10.629257,-66.415286
3271,2364,La Florida (Move),LMS,Distrito Capital,Gran Caracas,Gran Caracas,10.502964,-66.877386
3272,1001,Ospino,ACA,Portuguesa,Central,Centro Occidente,9.303436,-69.451053
3273,2127,Bello Campo,LMS,Miranda,Gran Caracas,Gran Caracas,10.493787,-66.852386
3274,3059,SABANA DE MENDOZA,VRA,Trujillo,Occidente,Occidente,9.435325,-70.772469
3276,1031,Country Club BTO,BTO,Lara,Central,Centro Occidente,10.065825,-69.295553
3278,3253,AGUA SANTA,VRA,Trujillo,Occidente,Occidente,9.512075,-70.66883
3279,2198,Parque Anauco,CNT,Distrito Capital,Gran Caracas,Gran Caracas,10.516687,-66.899786
3280,4081,Playa el Agua,PLM,Nueva Esparta,Oriente,Oriente,11.124197,-63.849586
3281,4143,Neveri,LCH,Anzoátegui,Oriente,Oriente,10.167597,-64.684686
3282,3223,TRINIDAD DE ORICHUNA,SCR,Apure,Central,Centro,7.113741,-69.787164
3283,1061,El Sombrero,MCY,Guarico,Central,Centro,9.388464,-67.069942
3284,1110,La Victoria,MCY,Aragua,Central,Centro,10.228186,-67.323525
3289,3237,Hato Palma Sola BRN,ACA,Barinas,Occidente,Andes,8.658214,-70.277053
3290,4255,Urb Andres Eloy Blanco Ciudad Bolivar,PTO,Bolívar,Oriente,Guayana,8.101241,-63.53383
3295,1167,Chivacoa,BTO,Yaracuy,Central,Centro Occidente,10.238297,-68.94208
3296,3144,EL VIGIA CENTRO,SCR,Mérida,Occidente,Andes,8.614436,-71.647886
3299,1193,Pavia,BTO,Lara,Central,Centro Occidente,10.097075,-69.427164
3300,4098,La Guardia,PLM,Nueva Esparta,Oriente,Oriente,10.996825,-64.019086
3301,1053,Aroa,BTO,Yaracuy,Central,Centro Occidente,10.418741,-68.923553
3302,1627,Barrio El Rosario Valle de la Pascua,MCY,Guarico,Central,Centro,10.2309,-67.3105
3303,2159,Micro Bello Monte,LMS,Distrito Capital,Gran Caracas,Gran Caracas,10.487877,-66.873886
3304,3357,TRUJILLO CENTRO,VRA,Trujillo,Occidente,Occidente,9.366241,-70.436053
3306,3049,VALERA CENTRO,VRA,Trujillo,Occidente,Occidente,9.315547,-70.60833
3307,1037,Sanare El Bojo LAR,BTO,Lara,Central,Centro Occidente,9.753325,-69.626136
3308,4067,Perimetral,PTO,Bolívar,Oriente,Guayana,8.070857,-63.582486
3310,4180,Cachipo MNG,PTO,Monagas,Oriente,Oriente,9.916241,-63.145219
3312,3164,PREGONERO,SCR,Táchira,Occidente,Andes,8.018464,-71.767719
3315,4020,Altavista,PTO,Bolívar,Oriente,Guayana,8.297075,-62.726608
3317,2276,Macarao,FAJ,Distrito Capital,Gran Caracas,Gran Caracas,10.424067,-67.006786
3318,1257,Cabruta GRC,MCY,Guarico,Central,Centro,9.35651,-66.91285
3319,2336,Km 13 El Junquito,CNT,Distrito Capital,Gran Caracas,Gran Caracas,10.482908,-67.029942
3323,3318,COLONCITO,SCR,Táchira,Occidente,Andes,8.323658,-72.090164
3324,2144,Micro Santa Fe,LMS,Miranda,Gran Caracas,Gran Caracas,10.463347,-66.863686
3329,3194,QUINTA AVENIDA,SCR,Táchira,Occidente,Andes,7.765408,-72.23383
3330,1063,Tinaco,ACA,Cojedes,Central,Centro Occidente,9.759103,-68.44858
3332,1096,El Castano,MCY,Aragua,Central,Centro,10.304186,-67.558886
3333,2339,Las Tunitas MVS,CNT,Vargas,Gran Caracas,Gran Caracas,10.58763,-67.074942
3334,2126,Caraballeda,CNT,Vargas,Gran Caracas,Gran Caracas,10.618477,-66.852086
3335,3342,URENA CENTRO TCH,SCR,Táchira,Occidente,Andes,7.917908,-72.455497
3336,3106,LA PEDRERA BRN,SCR,Táchira,Occidente,Andes,7.531797,-71.571608
3338,2273,CCS-La Guaira,CNT,Distrito Capital,Gran Caracas,Gran Caracas,10.530397,-66.995286
3339,2141,La Alameda,LMS,Miranda,Gran Caracas,Gran Caracas,10.473837,-66.861986
3340,1116,Mariara,MCY,Aragua,Central,Centro,10.282075,-67.713164
3341,4041,Maturin,PTO,Monagas,Oriente,Oriente,9.745964,-63.169942
3343,4065,Soledad,PTO,Anzoátegui,Oriente,Oriente,8.154737,-63.560886
3344,1018,Caicara del Orinoco,MCY,Bolívar,Oriente,Guayana,7.6472,-66.170894
3345,4270,Manoa San Felix (MVS San Felix Centro),PTO,Bolívar,Oriente,Guayana,8.351797,-62.659386
3348,4013,Chirica,PTO,Bolívar,Oriente,Guayana,8.351797,-62.636053
3349,1023,Barquisimeto Oeste,BTO,Lara,Central,Centro Occidente,10.023769,-69.385136
3350,2060,Terminal de Oriente,LUR,Miranda,Gran Caracas,Gran Caracas,10.499297,-66.770486
3352,3373,SANTA ANA TCH,SCR,Táchira,Occidente,Andes,7.644603,-72.278469
3353,1189,Circunvalacion Guanare,ACA,Portuguesa,Central,Centro Occidente,9.031103,-69.768636
3354,1226,Barbacoas,MCY,Aragua,Central,Centro,10.2533,-67.6386
3356,3053,CERRO LA NUCA,SCR,Mérida,Occidente,Andes,8.91513,-70.673275
3357,2050,Karimao,LUR,Miranda,Gran Caracas,Gran Caracas,10.468697,-66.717986
3359,2344,CCCT,LMS,Miranda,Gran Caracas,Gran Caracas,10.485053,-66.855125
3360,1002,Zuata,MCY,Aragua,Central,Centro,10.187183,-67.37695
3361,4001,Tumeremo,PTO,Bolívar,Oriente,Guayana,7.303017,-61.504086
3362,1807,Barrio Pueblo Nuevo BTO,BTO,Lara,Central,Centro Occidente,10.053325,-69.372136
3364,3080,Santa Barbara Brn,ACA,Barinas,Occidente,Andes,7.813186,-71.177053
3366,1080,Quibor,BTO,Lara,Central,Centro Occidente,9.926353,-69.622636
3367,1204,Loma Redonda,BTO,Lara,Central,Centro Occidente,9.926603,-69.239914
3368,1022,Base Libertador,MCY,Aragua,Central,Centro,10.174214,-67.556164
3371,3273,LA PARROQUIA MRD,SCR,Mérida,Occidente,Andes,8.558658,-71.200275
3373,2212,Puente Hierro,CNT,Distrito Capital,Gran Caracas,Gran Caracas,10.493647,-66.911386
3376,1082,Santa Elena,BTO,Lara,Central,Centro Occidente,10.065964,-69.286692
3377,1075,Las Trinitarias,BTO,Lara,Central,Centro Occidente,10.081158,-69.279219
3379,4090,Villa Rosa,PLM,Nueva Esparta,Oriente,Oriente,10.950697,-63.927442
3380,2095,Los Ruices,LUR,Miranda,Gran Caracas,Gran Caracas,10.491467,-66.829086
3382,3275,TUCANI MVS,VRA,Zulia,Occidente,Occidente,8.961241,-71.272997
3386,3029,Barinas,ACA,Barinas,Occidente,Andes,8.626964,-70.217636
3387,1215,San Fernando Este,SFA,Apure,Central,Centro,7.86577,-67.4282
3389,4207,Cachamay Puerto Ordaz,PTO,Bolívar,Oriente,Guayana,8.31263,-62.70383
3390,3088,EL CANTON BRN,SCR,Barinas,Occidente,Andes,7.467075,-71.307442
3391,2051,Mariches II,LMS,Miranda,Gran Caracas,Gran Caracas,10.426087,-66.719086
3392,1004,Cata,MCY,Aragua,Central,Centro,10.497603,-67.750969
3393,2376,Boleita Sur,LUR,Miranda,Gran Caracas,Gran Caracas,10.490408,-66.823553
3395,1024,Barrio Union BTO,BTO,Lara,Central,Centro Occidente,10.085269,-69.329664
3396,2084,Boleita Norte,LUR,Miranda,Gran Caracas,Gran Caracas,10.501727,-66.818586
3398,3007,Libertad BRN,ACA,Barinas,Occidente,Andes,8.328186,-69.634386
3399,2157,El Placer,LMS,Miranda,Gran Caracas,Gran Caracas,10.411707,-66.872386
3404,2204,La Candelaria,CNT,Distrito Capital,Gran Caracas,Gran Caracas,10.505387,-66.905186
3406,1208,Magdaleno,MCY,Aragua,Central,Centro,10.2566,-67.6194
3407,3037,La Caramuca,ACA,Barinas,Occidente,Andes,8.599297,-70.32533
3409,1172,Papelon,ACA,Portuguesa,Central,Centro Occidente,8.939853,-69.46133
3410,1319,Cagua III ARA,MCY,Aragua,Central,Centro,10.2217,-67.2829
3411,2152,Lomas de la Alameda (Santa Fe Norte),LMS,Miranda,Gran Caracas,Gran Caracas,10.466047,-66.871486
3412,2114,Chuao,LMS,Miranda,Gran Caracas,Gran Caracas,10.483687,-66.845186
3415,1334,Zona Industrial II Barquisimeto,BTO,Lara,Central,Centro Occidente,10.100128,-69.359747
3416,3077,LA HECHICERA,SCR,Mérida,Occidente,Andes,8.628575,-71.152608
3417,3236,CARACHE TRJ,VRA,Trujillo,Occidente,Occidente,9.624297,-70.236053
3418,1006,San Francisco de Asis,MCY,Aragua,Central,Centro,10.064853,-67.56408
3419,1021,Choroni,MCY,Aragua,Central,Centro,10.504519,-67.613858
3420,4265,Polideportivo Felix Velasquez Cumana (MVS Polideportivo),LCH,Sucre,Oriente,Oriente,10.445964,-64.173553
3421,1367,La Aguadita COJ,ACA,Cojedes,Central,Centro Occidente,9.811408,-68.386275
3422,2291,Pozo Negro,CNT,Vargas,Gran Caracas,Gran Caracas,10.462127,-67.100786
3423,2375,Los Chorros II,LUR,Miranda,Gran Caracas,Gran Caracas,10.497353,-66.829386
3424,1317,El Trompillo Barquisimeto,BTO,Lara,Central,Centro Occidente,10.104297,-69.33133
3428,1254,Bobare Lara,BTO,Lara,Central,Centro Occidente,10.267158,-69.474942
3432,4116,Boca del Pozo,PLM,Nueva Esparta,Oriente,Oriente,11.006797,-64.380219
3433,2076,La Urbina Industrial,LUR,Miranda,Gran Caracas,Gran Caracas,10.491067,-66.808986
3434,1015,Las Mercedes del Llano,MCY,Guarico,Central,Centro,9.111186,-66.394775
3435,2349,Ruiz Pineda,FAJ,Distrito Capital,Gran Caracas,Gran Caracas,10.436155,-66.996894
3437,4381,San Agustín MNG,PTO,Monagas,Oriente,Oriente,9.796666667,-63.06983333
3438,4016,San Felix Centro,PTO,Bolívar,Oriente,Guayana,8.368464,-62.663553
3439,1153,Zaraza,MCY,Guarico,Central,Centro,9.91763,-67.3537
3440,2169,Lomas Bello Monte 2,LMS,Miranda,Gran Caracas,Gran Caracas,10.479757,-66.878486
3442,4060,Vista Hermosa,PTO,Bolívar,Oriente,Guayana,8.087908,-63.529386
3444,1289,Payara Portuguesa,ACA,Portuguesa,Central,Centro Occidente,9.489575,-69.076053
3447,4179,Tunapuy SUC,LCH,Sucre,Oriente,Oriente,10.574575,-63.107719
3448,1030,Gobernacion,BTO,Lara,Central,Centro Occidente,10.06613,-69.316247
3449,2245,Terrazas de la Vega,FAJ,Distrito Capital,Gran Caracas,Gran Caracas,10.469407,-66.945686
3450,4150,San Diego de Cabrutica,LCH,Anzoátegui,Oriente,Oriente,8.413897,-64.794586
3452,2295,Km. 34 El Junquito,CNT,Miranda,Gran Caracas,Gran Caracas,10.435217,-67.165286
3453,2264,MCaricuao,FAJ,Distrito Capital,Gran Caracas,Gran Caracas,10.429627,-66.974086
3454,1143,Hospital Pineda,BTO,Lara,Central,Centro Occidente,10.079908,-69.312192
3455,4132,Av. Bolivar PLC,LCH,Anzoátegui,Oriente,Oriente,10.214241,-64.638219
3459,4178,Rio Caribe Centro SUC,LCH,Sucre,Oriente,Oriente,10.69763,-63.108553
3460,2205,San Bernardino Norte,CNT,Distrito Capital,Gran Caracas,Gran Caracas,10.515536,-66.9048
3463,2037,Los Caracas,CNT,Vargas,Gran Caracas,Gran Caracas,10.626717,-66.569586
3468,2058,Turumo,LUR,Miranda,Gran Caracas,Gran Caracas,10.479297,-66.760486
3469,4104,El Tigrito,LCH,Anzoátegui,Oriente,Oriente,8.894937,-64.156886
3470,3057,GUASDUALITO,SCR,Apure,Central,Centro,7.24338,-70.733497
3472,1111,Las Delicias Maracay,MCY,Aragua,Central,Centro,10.263603,-67.587358
3476,2138,Country Club,LMS,Miranda,Gran Caracas,Gran Caracas,10.506497,-66.859486
3477,2661,Distribuidor La Castellana,LMS,Miranda,Gran Caracas,Gran Caracas,10.512741,-66.858525
3478,2600,Distribuidor Altamira Norte,LMS,Miranda,Gran Caracas,Gran Caracas,10.511566,-66.844989
3479,4075,Los Cerritos,PLM,Nueva Esparta,Oriente,Oriente,11.017497,-63.821986
3481,4237,Sincor de Cabrutica,LCH,Anzoátegui,Oriente,Oriente,8.30513,-64.975497
3482,2292,Las Salinas,CNT,Vargas,Gran Caracas,Gran Caracas,10.575677,-67.106586
3485,1065,Aguada Grande Siquisique LAR,BTO,Lara,Central,Centro Occidente,10.60638,-69.53083
3486,4093,Juan Griego,PLM,Nueva Esparta,Oriente,Oriente,11.069197,-63.950086
3487,4029,Las Palmas,PTO,Bolívar,Oriente,Guayana,8.232087,-63.041478
3488,4147,Barcelona Centro,LCH,Anzoátegui,Oriente,Oriente,10.141936,-64.693636
3489,4005,Tucupita,PTO,Delta Amacuro,Oriente,Guayana,9.056027,-62.051986
3491,1161,Terminal San Juan,MCY,Aragua,Central,Centro,9.22122,-67.4165
3493,2123,Plaza Altamira,LMS,Miranda,Gran Caracas,Gran Caracas,10.498007,-66.849586
3495,3032,Alto Barinas,ACA,Barinas,Occidente,Andes,8.613408,-70.251275
3496,4136,Santa Ana,LCH,Anzoátegui,Oriente,Oriente,9.303464,-64.664942
3497,4027,Sidor,PTO,Bolívar,Oriente,Guayana,8.248491,-62.834192
3498,4044,Alto Guri,PTO,Monagas,Oriente,Oriente,9.746107,-63.206486
3499,4094,Juan Griego Centro,PLM,Nueva Esparta,Oriente,Oriente,11.084853,-63.969942
3500,1445,Boraure YAR,BTO,Yaracuy,Central,Centro Occidente,10.244297,-68.772719
3501,1149,Av.Vargas,BTO,Lara,Central,Centro Occidente,10.064603,-69.310192
3502,2229,Coche,LMS,Distrito Capital,Gran Caracas,Gran Caracas,10.448277,-66.925486
3503,3028,Barinas Centro,ACA,Barinas,Occidente,Andes,8.632464,-70.209636
3504,1155,Tiara,MCY,Aragua,Central,Centro,10.2359,-67.5695
3511,1476,Apurito APR,SFA,Apure,Central,Centro,7.922353,-68.480219
3512,2030,Punta El Tigre,CNT,Vargas,Gran Caracas,Gran Caracas,10.629227,-66.494286
3514,3064,CANTV MISOA,VRA,Zulia,Occidente,Occidente,9.980186,-70.924664
3515,4088,La Viuda,LCH,Anzoátegui,Oriente,Oriente,8.723464,-63.932442
3516,3177,LA GRITA,SCR,Táchira,Occidente,Andes,8.149658,-71.979442
3517,2109,Los Naranjos,LMS,Miranda,Gran Caracas,Gran Caracas,10.442337,-66.841886
3519,1130,Santa Rosa,MCY,Carabobo,Central,Centro,10.241825,-67.614775
3520,4107,Cumana Centro,LCH,Sucre,Oriente,Oriente,10.463908,-64.180914
3521,4211,Altagracia Margarita NES,PLM,Nueva Esparta,Oriente,Oriente,11.090964,-63.951053
3522,3224,Vial Guanare Boconoito (Las Tinajitas),ACA,Portuguesa,Central,Centro Occidente,8.918186,-69.890775
3523,1178,Base Aragua,MCY,Aragua,Central,Centro,10.3027,-67.6313
3524,1244,Los Algarrobos,SFA,Apure,Central,Centro,7.788918333,-67.84628833
3525,2183,Las Tres Gracias,LMS,Distrito Capital,Gran Caracas,Gran Caracas,10.487937,-66.887386
3527,3035,MIRADOR BOCONO,VRA,Trujillo,Occidente,Occidente,9.243908,-70.293219
3528,4032,La Pica,PTO,Monagas,Oriente,Oriente,9.786575,-63.106219
3529,4017,San Felix,PTO,Bolívar,Oriente,Guayana,8.344853,-62.67883
3530,1238,Mata Palo,MCY,Guarico,Central,Centro,9.26012,-65.7875
3531,4131,PLC. Centro,LCH,Anzoátegui,Oriente,Oriente,10.220697,-64.635386
3532,2094,Lomas Ruices,LUR,Miranda,Gran Caracas,Gran Caracas,10.473987,-66.827886
3534,1174,Makro Acarigua,ACA,Portuguesa,Central,Centro Occidente,9.593186,-69.23133
3538,3197,LA FRIA MVS,SCR,Táchira,Occidente,Andes,8.206797,-72.243275
3541,4271,Polideportivo (MOVE),LCH,Anzoátegui,Oriente,Oriente,10.180686,-64.655497
3542,4216,El Guamache NVA,PLM,Nueva Esparta,Oriente,Oriente,10.893741,-64.060775
3543,1790,Villa Araure ACA,ACA,Portuguesa,Central,Centro Occidente,9.57766,-69.23986
3544,2189,Hoyo de la Puerta,LMS,Miranda,Gran Caracas,Gran Caracas,10.392917,-66.893686
3545,1151,San Carlos Este,ACA,Cojedes,Central,Centro Occidente,9.665241,-68.582914
3548,1205,Turen,ACA,Portuguesa,Central,Centro Occidente,9.329853,-69.122164
3550,4012,25 de Marzo,PTO,Bolívar,Oriente,Guayana,8.380686,-62.616886
3552,3195,MICHELENA MVS,SCR,Táchira,Occidente,Andes,7.951214,-72.234719
3553,1285,Libertad de Cojedes,ACA,Cojedes,Central,Centro Occidente,9.358075,-68.689303
3555,1077,Los Rastrojos,BTO,Lara,Central,Centro Occidente,10.02538,-69.239108
3556,3190,SAN CRISTOBAL,SCR,Táchira,Occidente,Andes,7.756325,-72.225303
3559,3377,Santa Rosa BRN,ACA,Barinas,Occidente,Andes,8.436269,-69.700803
3562,3319,SEBORUCO TCH,SCR,Táchira,Occidente,Andes,8.15013,-72.111053
3563,4235,Guarataro BOL,PTO,Bolívar,Oriente,Guayana,7.444297,-64.807719
3564,1247,Yaritagua,BTO,Yaracuy,Central,Centro Occidente,10.066603,-69.126775
3566,1811,Barrio Las Delicias LAR,BTO,Lara,Central,Centro Occidente,10.191908,-69.312636
3575,1147,Guanarito,ACA,Portuguesa,Central,Centro Occidente,8.699019,-69.210219
3576,1265,Paso de Capanaparo APR,SFA,Apure,Central,Centro,7.022,-67.5646
3578,4194,La Paragua BOL,PTO,Bolívar,Oriente,Guayana,6.831519,-63.335775
3579,3198,EL MIRADOR,SCR,Táchira,Occidente,Andes,7.78088,-72.247469
3580,3021,Punta Gorda BRN,ACA,Barinas,Occidente,Andes,8.573741,-70.162719
3581,2317,Caraballeda II,CNT,Vargas,Gran Caracas,Gran Caracas,10.611519,-66.821886
3582,2139,Santa Ines,LMS,Miranda,Gran Caracas,Gran Caracas,10.463107,-66.860986
3583,2116,La Carlota,LMS,Miranda,Gran Caracas,Gran Caracas,10.488217,-66.846586
3585,2150,Terrazas Club Hipico,LMS,Miranda,Gran Caracas,Gran Caracas,10.446737,-66.870786
3586,4023,Caroni,PTO,Bolívar,Oriente,Guayana,8.275686,-62.774386
3589,2117,Cayorma,LMS,Miranda,Gran Caracas,Gran Caracas,10.500587,-66.846686
3590,1234,Guamachal Valle de la Pascua,MCY,Guarico,Central,Centro,9.90593,-67.358
3593,2112,La Floresta,LMS,Miranda,Gran Caracas,Gran Caracas,10.496097,-66.844386
3595,3256,EL DIVIDIVE TRJ,VRA,Trujillo,Occidente,Occidente,9.471241,-70.733553
3596,3267,EL BATEY ZLA,VRA,Mérida,Occidente,Andes,9.161519,-71.116053
3597,1209,Los Pijiguaos,SFA,Bolívar,Oriente,Guayana,6.559019,-66.792719
3598,2167,Sabana Grande,LMS,Distrito Capital,Gran Caracas,Gran Caracas,10.494437,-66.877586
3599,2299,Colonia Tovar,CNT,Aragua,Central,Centro,10.4118,-67.272661
3600,4252,Porlamar Sur NVA,PLM,Nueva Esparta,Oriente,Oriente,10.956866,-63.847322
3601,1158,Elorza,SFA,Apure,Central,Centro,7.06144,-69.5036
3602,1003,Calabozo Industrial,MCY,Guarico,Central,Centro,8.893464,-67.470886
3607,3078,GLORIAS PATRIAS,SCR,Mérida,Occidente,Andes,8.590964,-71.155303
3610,3192,AV ROTARIA,SCR,Táchira,Occidente,Andes,7.741241,-72.233275
3611,1083,Simon Rodriguez,BTO,Lara,Central,Centro Occidente,10.074241,-69.335969
3614,2311,Anare,CNT,Vargas,Gran Caracas,Gran Caracas,10.62363,-66.650153
3615,2223,El Silencio,CNT,Distrito Capital,Gran Caracas,Gran Caracas,10.503937,-66.918286
3617,2427,Esquina Llaguno,CNT,Distrito Capital,Gran Caracas,Gran Caracas,10.508186,-66.916886
3618,4185,San Vicente sucre,LCH,Sucre,Oriente,Oriente,10.228186,-63.194386
3619,3245,LA CONCEPCION TRJ,VRA,Trujillo,Occidente,Occidente,9.415491,-70.487053
3620,4262,Av Fuerzas Armadas Puerto Ordaz (MVS Refractario),PTO,Bolívar,Oriente,Guayana,8.263075,-62.79883
3623,4056,Marhuanta,PTO,Bolívar,Oriente,Guayana,8.098347,-63.461886
3628,3043,Calderas,ACA,Barinas,Occidente,Andes,8.87513,-70.455775
3629,2166,Lomas Bello Monte 1,LMS,Miranda,Gran Caracas,Gran Caracas,10.478077,-66.877486
3630,3313,Cutufi,SCR,Apure,Central,Centro,7.128186,-71.841053
3631,2110,Santa Sofia,LMS,Miranda,Gran Caracas,Gran Caracas,10.474197,-66.842486
3632,4095,Aeropuerto Margarita,PLM,Nueva Esparta,Oriente,Oriente,10.918186,-63.970497
3634,4061,Ciudad Bolivar,PTO,Bolívar,Oriente,Guayana,8.137097,-63.545686
3637,1069,Santa Rita MCY,MCY,Aragua,Central,Centro,10.209408,-67.552414
3639,4115,Cantaura,LCH,Anzoátegui,Oriente,Oriente,9.307908,-64.36883
3640,4141,Plaza Mayor,LCH,Anzoátegui,Oriente,Oriente,10.179197,-64.679086
3643,1264,Sabaneta Aragua,MCY,Aragua,Central,Centro,8.9271,-67.4268
3644,4127,Chuparin,LCH,Anzoátegui,Oriente,Oriente,10.200897,-64.615886
3645,2115,San Luis,LMS,Miranda,Gran Caracas,Gran Caracas,10.467887,-66.845886
3646,4174,Villa Granada,PTO,Bolívar,Oriente,Guayana,8.322908,-62.72883
3648,3365,GUAYABONES MRD,SCR,Mérida,Occidente,Andes,8.753464,-71.573275
3649,2343,Sambil,LMS,Miranda,Gran Caracas,Gran Caracas,10.489347,-66.854186
3650,2133,La Tahona,LMS,Miranda,Gran Caracas,Gran Caracas,10.435637,-66.856486
3651,2246,Nueva Caracas,CNT,Distrito Capital,Gran Caracas,Gran Caracas,10.513577,-66.946186
3655,2207,Prados de Maria,LMS,Distrito Capital,Gran Caracas,Gran Caracas,10.479547,-66.907786
3656,1206,Campo San Carlos,ACA,Cojedes,Central,Centro Occidente,9.533325,-68.690997
3657,3361,SAN JOAQUIN DE NAVAY TCH,SCR,Táchira,Occidente,Andes,7.63638,-71.729414
3658,3039,CERRO ZAMURO,VRA,Trujillo,Occidente,Occidente,9.444453,-70.409394
3659,1670,Barrio Andres Eloy Blanco AMA,SFA,Amazonas,Central,Guayana,5.67175,-67.61469
3660,2290,Pare Stop,MCY,Miranda,Gran Caracas,Gran Caracas,10.233297,-67.091586
3661,3016,Sabaneta BRN,ACA,Barinas,Occidente,Andes,8.751464,-69.939025
3662,2154, Piedra Azul,LMS,Miranda,Gran Caracas,Gran Caracas,10.427347,-66.871886
3663,2071,La Urbina,LUR,Miranda,Gran Caracas,Gran Caracas,10.493517,-66.803386
3667,2093,Hatillo Pueblo,LMS,Miranda,Gran Caracas,Gran Caracas,10.427699,-66.828177
3668,2267,Antimano,FAJ,Distrito Capital,Gran Caracas,Gran Caracas,10.463477,-66.980686
3669,3274,EL SALADO MRD,SCR,Mérida,Occidente,Andes,8.574075,-71.22308
3672,1079,Obelisco,BTO,Lara,Central,Centro Occidente,10.061908,-69.350192
3673,1652,Barrio Bella Vista BTO,BTO,Lara,Central,Centro Occidente,10.058686,-69.342358
3674,3266,SAN TIMOTEO ZLA,VRA,Zulia,Occidente,Occidente,9.785741,-71.069358
3675,2234,Observatorio,CNT,Distrito Capital,Gran Caracas,Gran Caracas,10.507227,-66.930886
3676,1185,San Sebastian de los Reyes,MCY,Aragua,Central,Centro,10.46794,-67.77009
3677,4193,Casanay SUC,LCH,Sucre,Oriente,Oriente,10.502353,-63.419386
3678,2073,La Urbina Sur,LUR,Miranda,Gran Caracas,Gran Caracas,10.486147,-66.805786
3679,2328,Gramoven,CNT,Distrito Capital,Gran Caracas,Gran Caracas,10.521847,-66.950486
3680,3324,PALMIRA TACHIRA,SCR,Táchira,Occidente,Andes,7.83013,-72.230386
3681,1201,Biruaca,SFA,Apure,Central,Centro,7.85463,-67.5122
3683,1369,El Pao COJ,ACA,Cojedes,Central,Centro Occidente,9.637075,-68.129942
3685,4002,El Dorado,PTO,Bolívar,Oriente,Guayana,6.712047,-61.636275
3687,4045,Los Guaritos,PTO,Monagas,Oriente,Oriente,9.715087,-63.206686
3688,3272,Bobures ZLA,VRA,Mérida,Occidente,Andes,9.238464,-71.180219
3689,3692,UNELLEZ BRN,ACA,Barinas,Occidente,Andes,8.613991,-70.239636
3691,1148,Acarigua Noreste,ACA,Portuguesa,Central,Centro Occidente,9.580408,-69.189942
3696,1845,Caicara del Orinoco III Bol,MCY,Bolívar,Oriente,Guayana,7.62842,-66.15933
3697,3284,LA AZULITA,SCR,Mérida,Occidente,Andes,8.714019,-71.444942
3699,3185,PUEBLO NUEVO TCH,SCR,Táchira,Occidente,Andes,7.784825,-72.20008
3700,4689,San Tomé Swap,LCH,Anzoátegui,Oriente,Oriente,8.934158,-64.133192
3705,3288,MUCUJEPE,SCR,Mérida,Occidente,Andes,8.665214,-71.588997
3709,2070,Lomas de la Lagunita,LMS,Miranda,Gran Caracas,Gran Caracas,10.420817,-66.801786
3711,2558,Magallanes (Move),CNT,Distrito Capital,Gran Caracas,Gran Caracas,10.512691,-66.956689
3712,4118,Los Pilones,LCH,Anzoátegui,Oriente,Oriente,9.443464,-64.422442
3713,2266,Km 5 El Junquito,FAJ,Distrito Capital,Gran Caracas,Gran Caracas,10.481447,-66.978316
3714,2258,La Yaguara,FAJ,Distrito Capital,Gran Caracas,Gran Caracas,10.479357,-66.961486
3715,2202,El Valle,LMS,Distrito Capital,Gran Caracas,Gran Caracas,10.468577,-66.904086
3717,4229,Guanta ANZ,LCH,Anzoátegui,Oriente,Oriente,10.236519,-64.593275
3719,4063,Caripe,PTO,Monagas,Oriente,Oriente,10.127353,-63.539636
3720,2230,Capuchinos,FAJ,Distrito Capital,Gran Caracas,Gran Caracas,10.498977,-66.925986
3725,2082,Alto Hatillo Norte,LMS,Miranda,Gran Caracas,Gran Caracas,10.443237,-66.816186
3727,4082,Boulevard Guevara,PLM,Nueva Esparta,Oriente,Oriente,10.950964,-63.854942
3729,1051,Piritu,ACA,Portuguesa,Central,Centro Occidente,9.37165,-69.210775
3732,2163,Colinas de Bello Monte Move,LMS,Miranda,Gran Caracas,Gran Caracas,10.484877,-66.876686
3733,4144,Barcelona 5 de Julio,LCH,Anzoátegui,Oriente,Oriente,10.134397,-64.685986
3734,3055,ALTO ESCUQUE,VRA,Trujillo,Occidente,Occidente,9.33438,-70.682136
3737,1229,UNERG,MCY,Guarico,Central,Centro,10.0339,-67.4842
3738,1043,Corozopando,MCY,Guarico,Central,Centro,8.605686,-67.569108
3742,1292,Vial San Juan de Los Morros-San Sebastián,MCY,Aragua,Central,Centro,9.98558,-66.9906
3743,3040,Barinitas MVS,ACA,Barinas,Occidente,Andes,8.766658,-70.41408
3744,4033,Caripito,PTO,Monagas,Oriente,Oriente,10.117697,-63.094386
3747,1057,El Socorro,MCY,Guarico,Central,Centro,8.996519,-65.744664
3748,1062,Carora,BTO,Lara,Central,Centro Occidente,10.131491,-70.069997
3751,1915,Comuna Dos Caminos - El Sombrero (Temp),MCY,Guarico,Central,Centro,8.91221,-67.41153
3753,1035,Camatagua,MCY,Aragua,Central,Centro,9.833853,-66.925303
3755,1336,Barrio Pueblo Nuevo San Juan GRC,MCY,Guarico,Central,Centro,10.2767,-67.6219
3757,1309,Girardot Maracay DGT,MCY,Aragua,Central,Centro,9.70949,-67.2965
3760,2214,Jardines del Valle,LMS,Distrito Capital,Gran Caracas,Gran Caracas,10.460827,-66.913386
3763,2176,La Salle,LMS,Distrito Capital,Gran Caracas,Gran Caracas,10.501017,-66.882886
3764,4191,La Toscana MNG,PTO,Monagas,Oriente,Oriente,9.805686,-63.337719
3765,3071,TABAY,SCR,Mérida,Occidente,Andes,8.638464,-71.038192
3767,2096,Los Ruices Sur,LUR,Miranda,Gran Caracas,Gran Caracas,10.480257,-66.830986
3772,2314,Barrio La Dolorita MVS,LUR,Miranda,Gran Caracas,Gran Caracas,10.460963,-66.764663
3773,4187,Carupano Centro,LCH,Sucre,Oriente,Oriente,10.670686,-63.243553
3774,1337,San Felipe Norte YAR,BTO,Yaracuy,Central,Centro Occidente,10.348575,-68.734914
3775,4119,Anaco Norte,LCH,Anzoátegui,Oriente,Oriente,9.442353,-64.466886
3776,2074,La Lagunita,LMS,Miranda,Gran Caracas,Gran Caracas,10.426137,-66.806586
3778,1074,Las Industrias BTO,BTO,Lara,Central,Centro Occidente,10.081103,-69.388969
3779,3346,SANTO DOMINGO TACHIRA,SCR,Táchira,Occidente,Andes,7.605964,-72.070497
3781,3320,PARAMILLO SAN CRISTOBAL,SCR,Táchira,Occidente,Andes,7.800825,-72.209358
3783,4198,Buena Vista Ciudad Bolivar,PTO,Bolívar,Oriente,Guayana,8.128714,-63.563108
3784,1129,San Vicente,MCY,Aragua,Central,Centro,10.228603,-67.625275
3786,1046,Mapurite,MCY,Guarico,Central,Centro,9.221241,-67.416608
3788,2324,La Campiña (Negrin),LMS,Distrito Capital,Gran Caracas,Gran Caracas,10.499452,-66.875286
3789,4146,Lecherias,LCH,Anzoátegui,Oriente,Oriente,10.196197,-64.692586
3790,4072,Los Cachicatos,LCH,Sucre,Oriente,Oriente,10.541597,-63.783586
3791,2065,Universidad Metropolitana,LUR,Miranda,Gran Caracas,Gran Caracas,10.498547,-66.791686
3792,2049,Izcaragua,LUR,Miranda,Gran Caracas,Gran Caracas,10.496385,-66.697039
3793,1177,Chivacoa MOVISTAR,BTO,Yaracuy,Central,Centro Occidente,10.165408,-68.901053
3794,1040,Galera del Pao,ACA,Cojedes,Central,Centro Occidente,9.573853,-68.177664
3795,3202,CAPACHO,SCR,Táchira,Occidente,Andes,7.835686,-72.318275
3798,2385,Colinas Bello Monte II,LMS,Distrito Capital,Gran Caracas,Gran Caracas,10.48608,-66.884258
3800,2048,Los Roques,CNT,Dependencias Federales,Gran Caracas,Gran Caracas,11.81263,-66.190497
3802,4022,Unare,PTO,Bolívar,Oriente,Guayana,8.27263,-62.755664
3803,1034,Dos Caminos,MCY,Guarico,Central,Centro,9.58263,-67.311886
3804,2118,Oripoto,LMS,Miranda,Gran Caracas,Gran Caracas,10.407297,-66.847786
3805,4039,Juanico,PTO,Monagas,Oriente,Oriente,9.732075,-63.160497
3808,4227,Av Francisco de Miranda Anaco ANZ,LCH,Anzoátegui,Oriente,Oriente,9.431797,-64.480497
3809,2277,Luis Hurtado II DGT,CNT,Distrito Capital,Gran Caracas,Gran Caracas,10.488771,-67.007405
3810,4264,Playa Guacuco NVA (MVS Guacuco),PLM,Nueva Esparta,Oriente,Oriente,11.048519,-63.815025
3811,1271,Santa Ines de Lara,BTO,Lara,Central,Centro Occidente,10.612297,-69.28358
3812,2187,Colegio Ingenieros,CNT,Distrito Capital,Gran Caracas,Gran Caracas,10.501007,-66.893286
3814,2780,La Peñita Vargas,CNT,Vargas,Gran Caracas,Gran Caracas,10.455819,-67.199789
3816,1379,Cojeditos COJ,ACA,Cojedes,Central,Centro Occidente,9.61988,-68.915553
3817,4153,Puerto Piritu,LCH,Anzoátegui,Oriente,Oriente,10.064097,-65.036486
3818,2184,Mariperez,CNT,Distrito Capital,Gran Caracas,Gran Caracas,10.504957,-66.888386
3819,3163,TOVAR CENTRO,SCR,Mérida,Occidente,Andes,8.332353,-71.753553
3821,2181,Lomas de Manzanares,LMS,Miranda,Gran Caracas,Gran Caracas,10.428657,-66.885986
3822,3063,MENE GRANDE ZLA,VRA,Zulia,Occidente,Occidente,9.823519,-70.917442
3823,4046,Maturin Norte,PTO,Monagas,Oriente,Oriente,9.79993,-63.208183
3824,2106,Caurimare,LMS,Miranda,Gran Caracas,Gran Caracas,10.472357,-66.837886
3828,1163,La Victoria Industrial,MCY,Aragua,Central,Centro,10.2106,-67.3166
3829,4034,Rio Caribe,LCH,Sucre,Oriente,Oriente,10.687908,-63.102719
3833,1162,Delicias Norte,MCY,Aragua,Central,Centro,9.58262,-67.3118
3834,3172,El NULA,SCR,Apure,Central,Centro,7.276241,-71.925497
3835,3079,LAS AMERICAS,SCR,Mérida,Occidente,Andes,8.583547,-71.170386
3839,2351,Cota 905,CNT,Distrito Capital,Gran Caracas,Gran Caracas,10.48938,-66.917469
3840,2168,Bello Monte,LMS,Miranda,Gran Caracas,Gran Caracas,10.490347,-66.878186
3841,4112,Araya,LCH,Sucre,Oriente,Oriente,10.555686,-64.251608
3842,2243,Artigas,FAJ,Distrito Capital,Gran Caracas,Gran Caracas,10.490897,-66.940186
3843,1128,San Mateo Aragua,MCY,Aragua,Central,Centro,10.215658,-67.415525
3844,3184,ALTOS DE PARAMILLO,SCR,Táchira,Occidente,Andes,7.799019,-72.193914
3845,1076,Los Alamos,BTO,Lara,Central,Centro Occidente,10.053991,-69.37908
3848,3056,SAN PEDRO,VRA,Trujillo,Occidente,Occidente,9.080853,-70.73133
3849,1098,El Limon,MCY,Aragua,Central,Centro,10.302686,-67.63133
3850,1087,Cagua,MCY,Aragua,Central,Centro,10.186325,-67.46083
3851,2083,Macaracuay,LUR,Miranda,Gran Caracas,Gran Caracas,10.468177,-66.817586
3852,4192,San Jose De Aerocuar SUC,LCH,Sucre,Oriente,Oriente,10.598464,-63.329664
3853,2734,Vial CCS-La Guaira (Mudanza),CNT,Distrito Capital,Gran Caracas,Gran Caracas,10.527686,-66.955358
3854,1222,Ocumare de la Costa,MCY,Aragua,Central,Centro,10.2372,-67.5808
3856,3392,VIAL LA AZULITA STA ELENA,SCR,Mérida,Occidente,Andes,8.759853,-71.469108
3858,2367,San Martin (Move),FAJ,Distrito Capital,Gran Caracas,Gran Caracas,10.496747,-66.930246
3860,2054,Naiguata,CNT,Vargas,Gran Caracas,Gran Caracas,10.622997,-66.741986
3861,1214,La Coromoto,MCY,Aragua,Central,Centro,9.99585,-67.4463
3862,1299,Brisas del Roble Tamaca,BTO,Lara,Central,Centro Occidente,10.176325,-69.317775
3864,2331,C.C La Villa Montalban,FAJ,Distrito Capital,Gran Caracas,Gran Caracas,10.472487,-66.957314
3865,1067,Acarigua,ACA,Portuguesa,Central,Centro Occidente,9.55388,-69.200719
3866,1121,Potrerito Maracay,MCY,Aragua,Central,Centro,9.995853,-67.446358
3868,1333,Barrio Guamachito (Calabozo CC) GRC,MCY,Guarico,Central,Centro,10.2615,-67.4595
3869,1239,El Saman de Apure,SFA,Apure,Central,Centro,7.912908,-68.690775
3871,4184,Av Rojas Maturin,PTO,Monagas,Oriente,Oriente,9.743819,-63.181797
3872,3048,LA BEATRIZ,VRA,Trujillo,Occidente,Occidente,9.295964,-70.607164
3873,4642,El Callao Centro,PTO,Bolívar,Oriente,Guayana,7.347861,-61.821639
3874,1465,El Naranjillo Cabudare,BTO,Lara,Central,Centro Occidente,9.989436,-69.215942
3875,1169,San Pedro La Pastora LAR,BTO,Lara,Central,Centro Occidente,9.845241,-70.078608
3876,1327,La Candelaria Maracay,MCY,Aragua,Central,Centro,9.21276,-66.0067
3880,1272,Guayabal Guarico,MCY,Guarico,Central,Centro,10.2536,-67.1742
3882,4057,Aragua de Barcelona,LCH,Anzoátegui,Oriente,Oriente,9.460019,-64.829636
3884,1218,San Fernando de Apure,SFA,Apure,Central,Centro,7.87933,-67.4749
3885,1013,La Miel,ACA,Lara,Central,Centro Occidente,9.756936,-69.196914
3887,3060,Socopo,ACA,Barinas,Occidente,Andes,8.244991,-70.808969
3888,3175,EL PINAL,SCR,Táchira,Occidente,Andes,7.530964,-71.960497
3889,2702,Av Sucre MOVE,CNT,Distrito Capital,Gran Caracas,Gran Caracas,10.510325,-66.925939
3890,1059,San Felipe,BTO,Yaracuy,Central,Centro Occidente,10.316964,-68.750469
3893,1225,El Rodeo LAR,BTO,Lara,Central,Centro Occidente,9.989408,-69.543358
3895,2191,Colinas de Santa Monica,LMS,Distrito Capital,Gran Caracas,Gran Caracas,10.474297,-66.894186
3896,4066,El Peru,PTO,Bolívar,Oriente,Guayana,8.100027,-63.571486
3899,1342,Guanare Centro PTG,ACA,Portuguesa,Central,Centro Occidente,9.043186,-69.751108
3901,3123,EL VIGIA,SCR,Mérida,Occidente,Andes,8.571964,-71.618025
3903,2213,Esquina Marron,CNT,Distrito Capital,Gran Caracas,Gran Caracas,10.506097,-66.911486
3904,4129,Paseo Colon,LCH,Anzoátegui,Oriente,Oriente,10.224597,-64.633786
3905,3191,SCR CENTRO,SCR,Táchira,Occidente,Andes,7.770519,-72.229775
3906,4165,La Paloma DAM,PTO,Delta Amacuro,Oriente,Guayana,8.991791,-62.077505
3908,4268,Maripa BOL,PTO,Bolívar,Oriente,Guayana,7.417075,-65.184942
3909,1196,Paso Real de Cinaruco APR,SFA,Apure,Central,Centro,6.55455,-67.5048
3912,2201,Los Caobos,CNT,Distrito Capital,Gran Caracas,Gran Caracas,10.500407,-66.903786
3914,4026,Matanzas,PTO,Bolívar,Oriente,Guayana,8.276103,-62.816108
3915,1170,Las Acacias,MCY,Aragua,Central,Centro,10.21583833,-67.41564833
3917,1026,Base Sucre,MCY,Aragua,Central,Centro,10.253325,-67.638636
3921,4154,Clarines,LCH,Anzoátegui,Oriente,Oriente,9.946357,-65.165686
3922,1200,El Cercado Barquisimeto,BTO,Lara,Central,Centro Occidente,10.100825,-69.249803
3924,1354,San Carlos del Meta APR,SFA,Apure,Central,Centro,6.32725,-67.8015
3925,1055,Villa de Cura Centro,MCY,Aragua,Central,Centro,10.033908,-67.484303
3926,2322,Lomas de San Roman,LMS,Miranda,Gran Caracas,Gran Caracas,10.46925,-66.854111
3928,3244,FLOR DE PATRIA,VRA,Trujillo,Occidente,Occidente,9.46263,-70.473553
3929,2146,LA TRINIDAD,LMS,Miranda,Gran Caracas,Gran Caracas,10.435837,-66.866086
3930,4062,Las Campiñas,PTO,Bolívar,Oriente,Guayana,8.110477,-63.547986
3932,2099,Sebucan,LMS,Miranda,Gran Caracas,Gran Caracas,10.503697,-66.832386
3934,1068,Guanare,ACA,Portuguesa,Central,Centro Occidente,9.052908,-69.747664
3935,2329,Bella Vista GCS,FAJ,Distrito Capital,Gran Caracas,Gran Caracas,10.489397,-66.952586
3936,2269,CaricuaoTeleven,FAJ,Distrito Capital,Gran Caracas,Gran Caracas,10.441357,-66.984486
3939,4103,Tres Picos,LCH,Sucre,Oriente,Oriente,10.417297,-64.150086
3940,2208,Urdaneta,CNT,Distrito Capital,Gran Caracas,Gran Caracas,10.506777,-66.908486
3941,2124,Clinica Avila,LMS,Miranda,Gran Caracas,Gran Caracas,10.504357,-66.849886
3942,2288,Junquito,CNT,Vargas,Gran Caracas,Gran Caracas,10.463497,-67.071986
3946,1338,El Sombrero Centro GRC,MCY,Guarico,Central,Centro,10.2447,-67.6019
3947,4035,Las Cocuizas,PTO,Monagas,Oriente,Oriente,9.761964,-63.152969
3948,3327,PERICOS EL PUEBLITO,SCR,Táchira,Occidente,Andes,7.743908,-72.264553
3951,2079,Macaracuay Sur,LUR,Miranda,Gran Caracas,Gran Caracas,10.458397,-66.813486
3954,1417,Sabana de Parra YAR,BTO,Yaracuy,Central,Centro Occidente,10.11763,-69.03633
3956,2199,La Cruz Roja,CNT,Distrito Capital,Gran Caracas,Gran Caracas,10.504137,-66.900286
3957,3041,TRUJILLO,VRA,Trujillo,Occidente,Occidente,9.369408,-70.425525
3958,1127,San Juan de los Morros,MCY,Guarico,Central,Centro,9.905936,-67.358053
3959,4281,Km 88 BOL,PTO,Bolívar,Oriente,Guayana,6.169019,-61.427719
3960,2180,Manzanares,LMS,Miranda,Gran Caracas,Gran Caracas,10.434457,-66.885586
3961,2851,Fuerte Tiuna - Alto Prado,LMS,Distrito Capital,Gran Caracas,Gran Caracas,10.442271,-66.896066
3964,4084,Conejeros,PLM,Nueva Esparta,Oriente,Oriente,10.951311,-63.863155
3965,2221,Cementerio,LMS,Distrito Capital,Gran Caracas,Gran Caracas,10.478597,-66.916786
3966,3255,TIMOTES MRD,VRA,Mérida,Occidente,Andes,8.991519,-70.728275
3970,3201,CAZADERO TCH,SCR,Táchira,Occidente,Andes,7.890019,-72.275664
3972,1145,El Milagro,MCY,Aragua,Central,Centro,9.83385,-66.9252
3974,2158,AV Casanova,LMS,Distrito Capital,Gran Caracas,Gran Caracas,10.491507,-66.873686
3975,2252,Catia,CNT,Distrito Capital,Gran Caracas,Gran Caracas,10.506137,-66.950286
3976,1381,Sn Lorenzo El Crucero APR,SFA,Apure,Central,Centro,7.19994,-69.4202
3978,4042,Maturin Centro,PTO,Monagas,Oriente,Oriente,9.747353,-63.182997
3982,2128,La Castellana,LMS,Miranda,Gran Caracas,Gran Caracas,10.498717,-66.852586
3987,2066,Palo Verde,LUR,Miranda,Gran Caracas,Gran Caracas,10.483477,-66.793586
3988,2027,Todasana DGT,CNT,Vargas,Gran Caracas,Gran Caracas,10.627697,-66.453486
3989,1306,Cerro Caicet AMA,SFA,Amazonas,Central,Guayana,5.65114,-67.6043
3990,4053,Ciudad Piar,PTO,Bolívar,Oriente,Guayana,7.450964,-63.384664
3992,1045,El Baul,ACA,Cojedes,Central,Centro Occidente,8.957769,-68.297497
3993,1363,Urb Francisco de Miranda Guanare,ACA,Portuguesa,Central,Centro Occidente,9.047575,-69.730053
3996,1138,Villa de Cura,MCY,Aragua,Central,Centro,10.044575,-67.503136
3997,2057,Parque Caiza,LUR,Miranda,Gran Caracas,Gran Caracas,10.469397,-66.746786
3999,3335,SAN ANTONIO CENTRO TCH,SCR,Táchira,Occidente,Andes,7.815464,-72.445275
4000,4054,El Furrial,PTO,Monagas,Oriente,Oriente,9.687353,-63.440497
4001,2100,Alto Hatillo,LMS,Miranda,Gran Caracas,Gran Caracas,10.437087,-66.832386
4002,1016,Tucupido,MCY,Guarico,Central,Centro,9.26013,-65.787692
4004,3345,ARICAGUA MRD,SCR,Mérida,Occidente,Andes,8.200353,-71.162442
4006,1308,Santa Maria Guanare,ACA,Portuguesa,Central,Centro Occidente,9.063769,-69.705414
4007,4068,Punta de Mata,PTO,Monagas,Oriente,Oriente,9.692075,-63.610497
4008,1007,Cubiro,BTO,Lara,Central,Centro Occidente,9.786908,-69.586164
4009,3050,COUNTRY VALERA,VRA,Trujillo,Occidente,Occidente,9.300686,-70.619664
4010,2242,El Paraiso,FAJ,Distrito Capital,Gran Caracas,Gran Caracas,10.485097,-66.940186
4011,3166,ZEA,SCR,Mérida,Occidente,Andes,8.394019,-71.786886
4012,1278,El Playon Portuguesa,ACA,Portuguesa,Central,Centro Occidente,9.097353,-69.046608
4015,4051,Carupano,LCH,Sucre,Oriente,Oriente,10.660491,-63.269747
4017,1131,Soco,MCY,Aragua,Central,Centro,10.221353,-67.334442
4022,2226,Bucare,CNT,Distrito Capital,Gran Caracas,Gran Caracas,10.499067,-66.918786
4023,2240,Gato negro,CNT,Distrito Capital,Gran Caracas,Gran Caracas,10.514547,-66.935686
4025,1019,Puerto Paez,SFA,Apure,Central,Centro,6.20788,-67.451219
4026,4130,Pueblo Nuevo Puerto La Cruz,LCH,Anzoátegui,Oriente,Oriente,10.202397,-64.634086
4027,4019,Los Olivos Puerto Ordaz,PTO,Bolívar,Oriente,Guayana,8.282117,-62.718086
4028,2814,Micro Ministerio Cultura GSM,LMS,Distrito Capital,Gran Caracas,Gran Caracas,10.512247,-66.911939
4030,1156,Urachiche,BTO,Yaracuy,Central,Centro Occidente,10.173603,-69.003608
4031,3205,RUBIO,SCR,Táchira,Occidente,Andes,7.679214,-72.360053
4033,1377,Provincial AMA,SFA,Amazonas,Central,Guayana,5.761436667,-67.556305
4034,2217,Altagracia,CNT,Distrito Capital,Gran Caracas,Gran Caracas,10.513317,-66.914686
4036,2216,AV Universidad,CNT,Distrito Capital,Gran Caracas,Gran Caracas,10.503197,-66.914386
4038,1494,Baragua LAR,BTO,Lara,Central,Centro Occidente,10.588491,-69.948886
4039,4249,Caserio Caroni San Felix,PTO,Bolívar,Oriente,Guayana,8.336241,-62.672442
4040,4096,El Espinal,PLM,Nueva Esparta,Oriente,Oriente,10.961519,-63.981608
4044,4152,Jose,LCH,Anzoátegui,Oriente,Oriente,10.056397,-64.897086
4045,4021,Puerto Ordaz,PTO,Bolívar,Oriente,Guayana,8.283741,-62.743247
4047,3036,JUBIOTE MVS,VRA,Trujillo,Occidente,Occidente,9.467353,-70.310497
4048,3025,GUARAMACAL DE BOCONO TRJ,VRA,Trujillo,Occidente,Occidente,9.231603,-70.18683
4049,2190,Lomas de Prados del Este,LMS,Miranda,Gran Caracas,Gran Caracas,10.444647,-66.893786
4050,2238,Mariposa,LMS,Miranda,Gran Caracas,Gran Caracas,10.414537,-66.932886
4051,4201,San Francisco BOL,PTO,Bolívar,Oriente,Guayana,7.086527,-63.632247
4053,2098,Santa Clara,LMS,Miranda,Gran Caracas,Gran Caracas,10.457657,-66.831686
4054,3466,Dolores BRN,ACA,Barinas,Occidente,Andes,8.284853,-69.56633
4055,2263,Algodonal,FAJ,Distrito Capital,Gran Caracas,Gran Caracas,10.483237,-66.972386
4056,4085,El Valle NVA,PLM,Nueva Esparta,Oriente,Oriente,10.972897,-63.868986
4059,4080,Porlamar,PLM,Nueva Esparta,Oriente,Oriente,10.962144,-63.845655
4060,1237,Santa Maria de Ipire,MCY,Guarico,Central,Centro,10.0446,-67.5031
4061,1188,Cabudare Norte,BTO,Lara,Central,Centro Occidente,10.04013,-69.247997
4063,1235,Santa Rita de las Mercedes,MCY,Guarico,Central,Centro,10.2607,-67.6038
4065,1775,Telepuerto Bamari,MCY,Guarico,Central,Centro,9.48575,-66.1373333
4066,1350,Marin YAR,BTO,Yaracuy,Central,Centro Occidente,10.391769,-68.675858
4067,2345,CNT,CNT,Distrito Capital,Gran Caracas,Gran Caracas,10.502908,-66.895086
4068,4074,Playa El Angel,PLM,Nueva Esparta,Oriente,Oriente,10.985797,-63.816786
4069,1280,Sarare LAR,ACA,Lara,Central,Centro Occidente,9.780722,-69.166803
4070,2113,Los Palos Grandes,LMS,Miranda,Gran Caracas,Gran Caracas,10.497747,-66.844686
4071,2363,Plaza Venezuela (Move),LMS,Distrito Capital,Gran Caracas,Gran Caracas,10.496853,-66.883311
4072,2069,C.C Palo Verde,LUR,Miranda,Gran Caracas,Gran Caracas,10.480977,-66.797186
4073,3260,EL TIGRE TRJ,VRA,Zulia,Occidente,Occidente,9.678464,-70.849942
4074,4232,Mapire ANZ,LCH,Anzoátegui,Oriente,Oriente,7.745964,-64.707719
4077,3105,CHIGUARA,SCR,Mérida,Occidente,Andes,8.491797,-71.522719
4078,4011,Upata,PTO,Bolívar,Oriente,Guayana,8.045686,-62.423275
4079,2174,Alto Prado,LMS,Miranda,Gran Caracas,Gran Caracas,10.445347,-66.882286
4082,1010,Ortiz,MCY,Guarico,Central,Centro,9.608158,-67.281164
4083,2155,Alta Florida,LMS,Distrito Capital,Gran Caracas,Gran Caracas,10.503697,-66.872086
4086,1213,Acarigua Sur,ACA,Portuguesa,Central,Centro Occidente,9.532325,-69.225747
4087,2224,Intercomunal Valle,LMS,Distrito Capital,Gran Caracas,Gran Caracas,10.456447,-66.918486
4088,2218,Santa Rosalia,CNT,Distrito Capital,Gran Caracas,Gran Caracas,10.498337,-66.915086
4089,2055,Mariches,LUR,Miranda,Gran Caracas,Gran Caracas,10.437714,-66.74321
4091,3325,AV LIBERTADOR SCR MVS,SCR,Táchira,Occidente,Andes,7.791297,-72.232553
4093,1202,El Tocuyo,BTO,Lara,Central,Centro Occidente,9.788853,-69.791469
4094,1190,La Colonia Guanare,ACA,Portuguesa,Central,Centro Occidente,9.011241,-69.81133
4095,3139,SANTA CRUZ DE MORA,SCR,Mérida,Occidente,Andes,8.393741,-71.644108
4096,1322,Cementerio Barquisimeto,BTO,Lara,Central,Centro Occidente,10.067825,-69.341053
4097,3210,URENA,SCR,Táchira,Occidente,Andes,7.895836,-72.446275
4100,2210,Av Victoria,LMS,Distrito Capital,Gran Caracas,Gran Caracas,10.486427,-66.909586
4101,2160,Francisco Solano,LMS,Distrito Capital,Gran Caracas,Gran Caracas,10.493997,-66.874086
4102,2232,Madariaga,FAJ,Distrito Capital,Gran Caracas,Gran Caracas,10.490497,-66.928086
4108,4077,Los Robles,PLM,Nueva Esparta,Oriente,Oriente,10.994366,-63.829544
4109,3072,CAJA SECA,VRA,Mérida,Occidente,Andes,9.09938,-71.074053
4110,1287,La Aparicion PTG,ACA,Portuguesa,Central,Centro Occidente,9.397075,-69.382997
4111,4025,Chaguaramas MNG,PTO,Monagas,Oriente,Oriente,8.662439,-62.771542
4114,3270,EL LLANO MRD,SCR,Mérida,Occidente,Andes,8.593325,-71.146997
4115,1146,Cocorote,BTO,Yaracuy,Central,Centro Occidente,10.295964,-68.807997
4116,1060,Calabozo,MCY,Guarico,Central,Centro,8.92713,-67.42683
4117,1216,Mantecal,SFA,Apure,Central,Centro,7.57618,-69.1522
4120,4196,El Poblado SUC,LCH,Sucre,Oriente,Oriente,10.363186,-63.401886
4123,1183,Zona Industrial III BTO (Venfruca),BTO,Lara,Central,Centro Occidente,10.057908,-69.398553
4126,4156,Hatillo Anzoategui,LCH,Anzoátegui,Oriente,Oriente,10.113991,-65.318803
4127,2067,PabloVI,LUR,Miranda,Gran Caracas,Gran Caracas,10.452117,-66.793686
4128,2225,Bicentenario,CNT,Distrito Capital,Gran Caracas,Gran Caracas,10.508177,-66.918786
4129,1184,Avenida Fuerzas Armadas BTO (Obelisco),BTO,Lara,Central,Centro Occidente,10.052075,-69.351608
4130,3188,BARRIO OBRERO,SCR,Táchira,Occidente,Andes,7.768853,-72.217497
4133,3336,LLANO DE JORGE TCH,SCR,Táchira,Occidente,Andes,7.784575,-72.456608
4134,4040,Quiriquire,PTO,Monagas,Oriente,Oriente,9.976477,-63.163986
4136,1014,Tinaquillo,ACA,Cojedes,Central,Centro Occidente,9.87588,-68.253108
4137,2125,La Bonita,LMS,Miranda,Gran Caracas,Gran Caracas,10.445907,-66.850486
4140,4170,Irapa SUC,LCH,Sucre,Oriente,Oriente,10.573464,-62.58133
4141,2219,Baralt Norte,CNT,Distrito Capital,Gran Caracas,Gran Caracas,10.516557,-66.915986
4142,1132,Tejerias,MCY,Aragua,Central,Centro,10.253575,-67.174247
4145,1008,San Casimiro,MCY,Aragua,Central,Centro,10.001075,-66.987469
4146,1150,Barquisimeto Centro,BTO,Lara,Central,Centro Occidente,10.068991,-69.32158
4147,2078,La Union,LMS,Miranda,Gran Caracas,Gran Caracas,10.413714,-66.813608
4148,2200,San Bernardino,CNT,Distrito Capital,Gran Caracas,Gran Caracas,10.510697,-66.900386
4149,2085,La California,LUR,Miranda,Gran Caracas,Gran Caracas,10.478547,-66.818686
4150,4267,Uverito ANZ,LCH,Anzoátegui,Oriente,Oriente,8.113186,-64.680775
4151,4159,Santa Elena de Uairen,PTO,Bolívar,Oriente,Guayana,4.583853,-61.104
4152,4261,Brisas del Neverí Barcelona (MVS Barcelona N),LCH,Anzoátegui,Oriente,Oriente,10.155964,-64.684942
4154,3038,TOROCOCO,VRA,Trujillo,Occidente,Occidente,9.593741,-70.400219
4155,2294,El Jarillo,CNT,Miranda,Gran Caracas,Gran Caracas,10.359967,-67.144786
4159,3199,LA FRIA,SCR,Táchira,Occidente,Andes,8.191964,-72.257886
4163,2250,Montalban,FAJ,Distrito Capital,Gran Caracas,Gran Caracas,10.479997,-66.949386
4166,2228,La Pastora,CNT,Distrito Capital,Gran Caracas,Gran Caracas,10.518127,-66.923486
4167,1084,Av Aragua,MCY,Aragua,Central,Centro,10.233047,-67.598469
4169,2061,USM,LUR,Miranda,Gran Caracas,Gran Caracas,10.492647,-66.779486
4170,4135,Hospital PLC,LCH,Anzoátegui,Oriente,Oriente,10.153797,-64.642586
4171,1105,Cabudare,BTO,Lara,Central,Centro Occidente,10.027908,-69.26108
4172,2080,AV. Sanz,LUR,Miranda,Gran Caracas,Gran Caracas,10.491117,-66.814386
4173,4139,Barcelona,LCH,Anzoátegui,Oriente,Oriente,10.129664,-64.669805
4174,2237,Poliedro,LMS,Distrito Capital,Gran Caracas,Gran Caracas,10.438867,-66.932386
4176,3042,Barinitas,ACA,Barinas,Occidente,Andes,8.767075,-70.452497
4177,2088,Boleita,LUR,Miranda,Gran Caracas,Gran Caracas,10.494537,-66.821686
4178,2102,Los Dos Caminos,LUR,Miranda,Gran Caracas,Gran Caracas,10.496397,-66.834786
4179,1115,Maracay Centro,MCY,Aragua,Central,Centro,10.250686,-67.599942
4181,2316,Domingo Luciani,LUR,Miranda,Gran Caracas,Gran Caracas,10.471,-66.809636
4182,4409,Tocoma BOL,PTO,Bolívar,Oriente,Guayana,7.910464,-63.066497
4190,4092,San Juan Bautista,PLM,Nueva Esparta,Oriente,Oriente,11.020408,-63.954108
4191,4169,Los Barrancos de Fajardo MNG,PTO,Monagas,Oriente,Oriente,8.391797,-62.681886
4192,2145,CADA las Mercedes,LMS,Miranda,Gran Caracas,Gran Caracas,10.485867,-66.864386
4195,1321,Parapara de Ortiz (El Toco),MCY,Guarico,Central,Centro,10.15547,-67.5712
4196,1078,Moran,BTO,Lara,Central,Centro Occidente,10.073686,-69.30158
4197,2022,Chuspa DGT,CNT,Vargas,Gran Caracas,Gran Caracas,10.613187,-66.314586
4198,2136,Campo Alegre,LMS,Miranda,Gran Caracas,Gran Caracas,10.496857,-66.858386
4201,2244,Parque Loira,FAJ,Distrito Capital,Gran Caracas,Gran Caracas,10.478717,-66.942486
4202,3312,LA TENDIDA,SCR,Táchira,Occidente,Andes,8.50513,-71.833386
4204,4133,Pozuelo,LCH,Anzoátegui,Oriente,Oriente,10.187075,-64.639664
4205,4120,Anaco,LCH,Anzoátegui,Oriente,Oriente,9.422075,-64.472997
4207,3099,SANTA MARIA DE CAPARO,SCR,Mérida,Occidente,Andes,7.724297,-71.472442
4208,2097,Cafetal,LMS,Miranda,Gran Caracas,Gran Caracas,10.463997,-66.831286
4209,1220,El Consejo,MCY,Aragua,Central,Centro,10.2881,-67.628
4210,1108,La Macarena VAL,MCY,Aragua,Central,Centro,10.155519,-67.571275
4211,3186,CORDERO,SCR,Táchira,Occidente,Andes,7.858853,-72.204192
4212,2130,Castellana Norte,LMS,Miranda,Gran Caracas,Gran Caracas,10.505137,-66.854186
4213,1137,Valle de la Pascua,MCY,Guarico,Central,Centro,9.212769,-66.006803
4214,3268,PLAZA DE TOROS MRD,SCR,Mérida,Occidente,Andes,8.607269,-71.141275
4215,1242,Los Samanes Maracay,MCY,Aragua,Central,Centro,10.2214,-67.3344
4216,2259,Casalta III,CNT,Distrito Capital,Gran Caracas,Gran Caracas,10.503437,-66.962486
4217,3217,Ciudad de Nutrias,ACA,Barinas,Occidente,Andes,8.094325,-69.308442
4218,1152,San Carlos,ACA,Cojedes,Central,Centro Occidente,9.662075,-68.595219
4219,1304,Barrio Las Madres San Felipe,BTO,Yaracuy,Central,Centro Occidente,10.335408,-68.757164
4220,3083,LOS NEVADOS,SCR,Mérida,Occidente,Andes,8.54113,-71.203136
4223,2075,El Llanito,LUR,Miranda,Gran Caracas,Gran Caracas,10.469057,-66.806886
4224,3329,SANTA ANITA,SCR,Táchira,Occidente,Andes,7.751019,-72.321442
4225,1307,San Sebastian Maracay,MCY,Aragua,Central,Centro,10.2507,-67.5999
4226,2326,Terminal La Bandera,LMS,Distrito Capital,Gran Caracas,Gran Caracas,10.474816,-66.901053
4227,1252,Paya Turmero,MCY,Aragua,Central,Centro,8.13592,-66.2606
4230,2156,Valle Arriba,LMS,Miranda,Gran Caracas,Gran Caracas,10.470617,-66.872386
4232,1159,Cana de Azucar,MCY,Aragua,Central,Centro,10.2286,-67.6252
4233,1207,Biscucuy,ACA,Portuguesa,Central,Centro Occidente,9.352547,-69.941303
4234,1025,La Libertad,MCY,Aragua,Central,Centro,10.244686,-67.601997
4235,4069,Caicara de Maturin,PTO,Monagas,Oriente,Oriente,9.814853,-63.616608
4237,2185,Chaguaramos,LMS,Distrito Capital,Gran Caracas,Gran Caracas,10.480957,-66.889386
4239,4004,Guasipati,PTO,Bolívar,Oriente,Guayana,7.473107,-61.898986
4241,4148,Los Mesones,LCH,Anzoátegui,Oriente,Oriente,10.049811,-64.730867
4244,4142,Aeropuerto Barcelona,LCH,Anzoátegui,Oriente,Oriente,10.105714,-64.682497
4247,4106,Boca del Rio,PLM,Nueva Esparta,Oriente,Oriente,10.969497,-64.180786
4250,3261,JUNIN TRJ,VRA,Trujillo,Occidente,Occidente,9.477075,-70.867164
4252,1064,Tinaquillo Centro,ACA,Cojedes,Central,Centro Occidente,9.912769,-68.306553
4253,4031,Morichal,PTO,Monagas,Oriente,Oriente,8.840775,-63.078475
4258,2149,Chacaito,LMS,Miranda,Gran Caracas,Gran Caracas,10.492877,-66.868186
4261,3094,LAGUNILLAS MERIDA,SCR,Mérida,Occidente,Andes,8.451075,-71.434858
4262,4064,Cariaco,LCH,Sucre,Oriente,Oriente,10.497797,-63.554186
4264,2164,Prados del Este,LMS,Miranda,Gran Caracas,Gran Caracas,10.452477,-66.876686
4269,3196,SAN JOSECITO,SCR,Táchira,Occidente,Andes,7.667214,-72.240942
4270,4108,Guanipa,LCH,Anzoátegui,Oriente,Oriente,8.896603,-64.185469
4272,1339,Zaraza Centro GRC,MCY,Guarico,Central,Centro,9.34846,-65.3223
4273,1343,Fundacion Mendoza Acarigua PTG,ACA,Portuguesa,Central,Centro Occidente,9.562325,-69.186608
4274,1361,Anzoategui LAR,BTO,Lara,Central,Centro Occidente,9.63013,-69.902164
4276,1372,Paraiso de Chabasquen PTG,ACA,Portuguesa,Central,Centro Occidente,9.433797,-69.948358
4277,1448,Los Crepusculos Barquisimeto,BTO,Lara,Central,Centro Occidente,10.08013,-69.362719
4278,1456,Buenos Aires (La Concordia) LAR,BTO,Lara,Central,Centro Occidente,10.023186,-69.464664
4280,3247,MOTATAN TRJ,VRA,Trujillo,Occidente,Occidente,9.395964,-70.576219
4281,3258,TEATRO DE OPERACIONES,SCR,Apure,Central,Centro,7.200686,-70.761608
4282,3338,ZONA INDUSTRIAL VLR,VRA,Trujillo,Occidente,Occidente,9.343491,-70.598303
4283,3340,EJIDO CENTRO,SCR,Mérida,Occidente,Andes,8.549575,-71.239942
4284,1701,Barrio Limoncito ACA,ACA,Portuguesa,Central,Centro Occidente,9.547039,-69.221072
4285,3367,EL CRUCE DE JAJI MRD,SCR,Mérida,Occidente,Andes,8.569853,-71.32633
4286,3371,BRAMON TCH,SCR,Táchira,Occidente,Andes,7.654797,-72.39608
4287,3385,BETIJOQUE TRJ,VRA,Trujillo,Occidente,Occidente,9.37513,-70.732164
4288,3395,MENDOZA FRIA TRJ,VRA,Trujillo,Occidente,Occidente,9.203964,-70.67133
4289,3455,ESTADIO METROPOLITANO MRD,SCR,Mérida,Occidente,Andes,8.558186,-71.21633
4290,4160,Crystallex BOL,PTO,Bolívar,Oriente,Guayana,6.198741,-61.472719
4292,4274,El Progreso Anaco ANZ,LCH,Anzoátegui,Oriente,Oriente,9.444019,-64.443275
4297,1221,Turiamo ARA,MCY,Aragua,Central,Centro,8.00342,-67.3999
4299,3376,Obispos BRN,ACA,Barinas,Occidente,Andes,8.611436,-70.105108
4300,4190,Ciudad Piar Centro BOL,PTO,Bolívar,Oriente,Guayana,7.452075,-63.322164
4301,4359,Los Castillos de Guayana DAM,PTO,Delta Amacuro,Oriente,Guayana,8.501241,-62.399664
4302,1191,Agua Viva LAR,BTO,Lara,Central,Centro Occidente,10.021741,-69.278442
4303,1261,San Juan Barquisimeto,BTO,Lara,Central,Centro Occidente,10.06763,-69.330219
4304,1340,Carora Norte LAR,BTO,Lara,Central,Centro Occidente,10.186825,-70.068692
4305,1341,Duaca Centro LAR,BTO,Lara,Central,Centro Occidente,10.285991,-69.159803
4306,1449,La Caruciena Barquisimeto,BTO,Lara,Central,Centro Occidente,10.034575,-69.357164
4307,1457,El Recreo Cabudare BTO,BTO,Lara,Central,Centro Occidente,10.029825,-69.24833
4308,3227,JALISCO TRJ,VRA,Trujillo,Occidente,Occidente,9.45263,-70.576608
4309,3326,LA CONCORDIA SCR,SCR,Táchira,Occidente,Andes,7.755686,-72.235775
4310,3463,PAMPAN TRJ,VRA,Trujillo,Occidente,Occidente,9.44513,-70.473275
4311,4250,Los Proceres Ciudad Bolivar,PTO,Bolívar,Oriente,Guayana,8.109297,-63.59133
4313,1446,Nirgua Centro YAR,BTO,Yaracuy,Central,Centro Occidente,10.148741,-68.566608
4314,4248,Cantaura Centro ANZ,LCH,Anzoátegui,Oriente,Oriente,9.304019,-64.352164
4315,4241,Urbanizacion El Paraiso Margarita NVA,PLM,Nueva Esparta,Oriente,Oriente,11.000478,-63.808155
4316,4279,San Antonio del Este NVA,PLM,Nueva Esparta,Oriente,Oriente,10.944019,-63.904108
4317,4208,Tacarigua NVA,PLM,Nueva Esparta,Oriente,Oriente,11.054019,-63.901608
4323,2384,Ferrocarril Poliedro,LMS,Distrito Capital,Gran Caracas,Gran Caracas,10.435545,-66.936883
4326,2563,Los Campitos,LMS,Miranda,Gran Caracas,Gran Caracas,10.458297,-66.867386
4329,4495,Luepa BOL,PTO,Bolívar,Oriente,Guayana,5.838436,-61.445886
4330,1459,Tinaco Centro COJ,ACA,Cojedes,Central,Centro Occidente,9.700964,-68.431442
4331,2360,UCV Hospital (Mudanza),LMS,Distrito Capital,Gran Caracas,Gran Caracas,10.490158,-66.894192
4332,2562,UD-5 Caricuao,FAJ,Distrito Capital,Gran Caracas,Gran Caracas,10.432547,-66.964358
4337,2850,Turmerito GCS,LMS,Distrito Capital,Gran Caracas,Gran Caracas,10.423569,-66.929823
4338,2840,Felipe Antonio Acosta,LMS,Distrito Capital,Gran Caracas,Gran Caracas,10.425374,-66.940295
4340,3809,PLAZA SUCRE,VRA,Trujillo,Occidente,Occidente,9.31103,-70.606358
4351,3483,CAEZ BRN,ACA,Barinas,Occidente,Andes,8.659764,-69.845219
4352,4351,Barbacoas ANZ,LCH,Anzoátegui,Oriente,Oriente,10.006908,-64.641667
4356,4295,Las Piedras - Cocollar SUC,PTO,Sucre,Oriente,Oriente,10.169019,-63.812442
4357,4297,Pantoño SUC,LCH,Sucre,Oriente,Oriente,10.48763,-63.449664
4358,3375,Torunos BRN,ACA,Barinas,Occidente,Andes,8.499853,-70.083553
4366,2762,Metro Estación Carapita,FAJ,Distrito Capital,Gran Caracas,Gran Caracas,10.471095,-66.970494
4368,3468,Santa Lucia BRN,ACA,Barinas,Occidente,Andes,8.10013,-69.77633
4372,2704,Los Rosales (Mudanza),LMS,Distrito Capital,Gran Caracas,Gran Caracas,10.482741,-66.900217
4373,2870,Conatel Las Mercedes,LMS,Miranda,Gran Caracas,Gran Caracas,10.479417,-66.85583
4374,1305,Campo Elias TRJ,ACA,Trujillo,Occidente,Occidente,9.395075,-70.075219
4376,1578,Redoma Divina Pastora MVS,BTO,Lara,Central,Centro Occidente,10.0614,-69.26486
4377,4589,Caruachi Corpoelec patio 400Kv,PTO,Bolívar,Oriente,Guayana,8.173611,-62.814333
4378,1830,Barrio Jaime Lusinchi,SFA,Apure,Central,Centro,7.874169,-67.469745
4379,2827,Cuartel 4F temporal,CNT,Distrito Capital,Gran Caracas,Gran Caracas,10.503559,-66.927881
4380,3536,Asentamiento Campesino Cambuyon BRN,ACA,Barinas,Occidente,Andes,8.618455,-69.515114
4390,2353,Barrio Zamora - El Valle,LMS,Distrito Capital,Gran Caracas,Gran Caracas,10.464103,-66.907803
4394,2775,Ciudad Caribia - Caracas,CNT,Vargas,Gran Caracas,Gran Caracas,10.53308,-67.03748
4395,1512,Puerto AyacuchoIII,SFA,Amazonas,Central,Guayana,5.6609,-67.6231
4397,1836,Manzanita LAR,BTO,Lara,Central,Centro Occidente,9.96237,-68.98046
4398,1916,Base Libertador II,MCY,Aragua,Central,Centro,9.007737,-65.930993
4401,2373,Metro Estacion Chacaito,LMS,Miranda,Gran Caracas,Gran Caracas,10.490564,-66.868094
4406,2711,Metro Estacion La Hoyada,CNT,Distrito Capital,Gran Caracas,Gran Caracas,10.503075,-66.91008
4407,3358,BOCONO CENTRO,VRA,Trujillo,Occidente,Occidente,9.244297,-70.271136
4410,3487,LAS LOMAS SCR,SCR,Táchira,Occidente,Andes,7.800047,-72.224636
4411,3492,Brisas de Alto Barinas,ACA,Barinas,Occidente,Andes,8.600047,-70.23708
4412,1260,La Encrucijada ARA,MCY,Aragua,Central,Centro,9.60815,-67.2811
4413,3248,URBANIZACION LIBERTADOR,VRA,Trujillo,Occidente,Occidente,9.323214,-70.598942
4414,3250,LAS ACACIAS VRA,VRA,Trujillo,Occidente,Occidente,9.306908,-70.610247
4415,3356,SANTA ELENA VALERA TRJ,VRA,Trujillo,Occidente,Occidente,9.31513,-70.622442
4416,3462,MONAY TRJ,VRA,Trujillo,Occidente,Occidente,9.543464,-70.458553
4417,1382,Ayacucho Maracay,MCY,Aragua,Central,Centro,10.1733,-67.56404
4418,1461,Urb El Placer Guanare,ACA,Portuguesa,Central,Centro Occidente,9.02763,-69.732442
4419,3354,EL PALMAR DE LA COPE,SCR,Táchira,Occidente,Andes,7.656158,-72.209136
4420,4186,Los Godos Maturin,PTO,Monagas,Oriente,Oriente,9.723541,-63.201242
4422,1492,El Porvenir LAR,BTO,Lara,Central,Centro Occidente,10.55463,-69.383636
4423,4366,El Tigrito Sur ANZ,LCH,Anzoátegui,Oriente,Oriente,8.881147,-64.164386
4425,3528,Capitanejo BRN,ACA,Barinas,Occidente,Andes,8.00113,-70.979414
4426,4382,Juanico Sur (DIG),PTO,Monagas,Oriente,Oriente,9.729575,-63.157997
4427,1471,Arichuna APR,SFA,Apure,Central,Centro,7.70916,-67.1205
4429,1344,Yaritagua Centro YAR,BTO,Yaracuy,Central,Centro Occidente,10.079297,-69.128997
4430,3474,EL PINAR DE COLON TCH,SCR,Táchira,Occidente,Andes,8.037325,-72.251636
4431,3488,LA CARABOBO,SCR,Mérida,Occidente,Andes,8.564436,-71.177719
4432,3493,El Paraiso BRN,ACA,Barinas,Occidente,Andes,8.502825,-70.218803
4433,4368,Core 8 Puerto Ordaz,PTO,Bolívar,Oriente,Guayana,8.242686,-62.815275
4434,4385,Maipure BOL (MVS),PTO,Bolívar,Oriente,Guayana,8.110103,-63.482553
4435,1297,El Tostao Barquisimeto,BTO,Lara,Central,Centro Occidente,10.043464,-69.423025
4436,1345,Caicara del Orinoco II BOL,MCY,Bolívar,Oriente,Guayana,7.611464,-66.146108
4437,1447,Carora Sur LAR,BTO,Lara,Central,Centro Occidente,10.162936,-70.073442
4439,1468,Av. Las Lagrimas Acarigua,ACA,Portuguesa,Central,Centro Occidente,9.566019,-69.214997
4442,2386,Eurobuilding,LMS,Miranda,Gran Caracas,Gran Caracas,10.4819,-66.850064
4443,2393,Tamanaco,LMS,Miranda,Gran Caracas,Gran Caracas,10.478161,-66.857169
4447,3352,PLAZA BOLIVAR SAN CRISTOBAL,SCR,Táchira,Occidente,Andes,7.767936,-72.231914
4449,3473,SAN JUAN DE COLON CENTRO,SCR,Táchira,Occidente,Andes,8.032075,-72.259942
4450,4172,Vista al Sol Sur San Felix,PTO,Bolívar,Oriente,Guayana,8.354297,-62.617442
4451,4244,Av Antonio de Berrio San Felix,PTO,Bolívar,Oriente,Guayana,8.370408,-62.648553
4452,4287,Pozo Verde BOL,PTO,Bolívar,Oriente,Guayana,8.16638,-62.64258
4453,1324,La Concordia Barquisimeto (Las Turas DGT),BTO,Lara,Central,Centro Occidente,10.091297,-69.298661
4454,1335,Av. Los Leones Barquisimeto,BTO,Lara,Central,Centro Occidente,10.071797,-69.283275
4455,1454,Urb Terepaima,BTO,Lara,Central,Centro Occidente,10.077686,-69.321414
4456,1480,Av Caracas (SF del Este),SFA,Apure,Central,Centro,7.88591,-67.4648
4457,1497,Zona Industrial I (Obelisco DGT) BTO,BTO,Lara,Central,Centro Occidente,10.071686,-69.355719
4458,1503,Barrio La Playa BTO,BTO,Lara,Central,Centro Occidente,10.062519,-69.380469
4460,1566,Pinonal,MCY,Aragua,Central,Centro,10.2262,-67.3413
4461,2359,Marapa,CNT,Vargas,Gran Caracas,Gran Caracas,10.590408,-67.052442
4463,3348,Barrio Mi Jardin BRN,ACA,Barinas,Occidente,Andes,8.597353,-70.20633
4464,3353,PUENTE REAL SCR,SCR,Táchira,Occidente,Andes,7.772186,-72.238942
4466,3486,TARIBA TCH,SCR,Táchira,Occidente,Andes,7.820325,-72.224386
4467,3491,Makro BRN,ACA,Barinas,Occidente,Andes,8.636491,-70.230442
4469,3516,LA TRINIDAD PALO GORDO,SCR,Táchira,Occidente,Andes,7.818991,-72.195192
4470,3576,MENE GRANDE CENTRO ZLA,VRA,Zulia,Occidente,Occidente,9.840964,-70.92883
4471,4245,Av Bolivar Oeste Maturin,PTO,Monagas,Oriente,Oriente,9.737908,-63.198275
4472,4275,Av España Ciudad Bolivar,PTO,Bolívar,Oriente,Guayana,8.070158,-63.552997
4473,4357,Ciudad Bolivar Centro,PTO,Bolívar,Oriente,Guayana,8.127769,-63.547636
4475,4419,Antonio Jose de Sucre MNG,PTO,Monagas,Oriente,Oriente,9.734214,-63.213414
4476,1460,Biscucuy Centro PTG,ACA,Portuguesa,Central,Centro Occidente,9.360269,-69.983775
4477,1495,Cabudare Sur LAR,BTO,Lara,Central,Centro Occidente,10.015603,-69.264469
4478,4713,Tipuro MVS,PTO,Monagas,Oriente,Oriente,9.794519,-63.190356
4479,3552,CORDERO CENTRO TCH,SCR,Táchira,Occidente,Andes,7.858325,-72.180553
4481,3545,EL VIGIA INDUSTRIAL,SCR,Mérida,Occidente,Andes,8.609047,-71.669914
4483,2561,Kennedy,FAJ,Distrito Capital,Gran Caracas,Gran Caracas,10.424297,-67.020775
4485,3450,LA GRITA SURURAL,SCR,Táchira,Occidente,Andes,8.121519,-71.97883
4487,1466,La Victoria Oeste ARA,MCY,Aragua,Central,Centro,10.2024,-67.4714
4488,4273,Macagua Puerto Ordaz,PTO,Bolívar,Oriente,Guayana,8.310686,-62.648553
4489,3359,MESA DE GALLARDO,VRA,Trujillo,Occidente,Occidente,9.411241,-70.447386
4490,4418,Pinto Salinas MNG,PTO,Monagas,Oriente,Oriente,9.736214,-63.175553
4492,3331,RUBIO CENTRO,SCR,Táchira,Occidente,Andes,7.702908,-72.355219
4493,1467,Urb Las Mercedes La Victoria ARA,MCY,Aragua,Central,Centro,10.2309,-67.3105
4495,3451,Santa Ines BRN,ACA,Barinas,Occidente,Andes,8.25763,-69.89883
4496,2564,San Pedro - Paseo Los Ilustres,LMS,Distrito Capital,Gran Caracas,Gran Caracas,10.486169,-66.891631
4500,2390,Hospital periferico de Coche,LMS,Distrito Capital,Gran Caracas,Gran Caracas,10.442365,-66.925792
4501,1458,San Carlos Sur  COJ,ACA,Cojedes,Central,Centro Occidente,9.65813,-68.588692
4502,4223,Mochima SUC,LCH,Sucre,Oriente,Oriente,10.327597,-64.324305
4504,1478,Cazorla GRC,MCY,Guarico,Central,Centro,10.2186,-67.5778
4506,1475,Base Aerea El Sombrero (Baerami),MCY,Guarico,Central,Centro,7.6114999999999995,-66.14616666666667
4507,2379,Teleferico Caracas,CNT,Vargas,Gran Caracas,Gran Caracas,10.542441,-66.882222
4508,2635,Parque La Aguada,LUR,Miranda,Gran Caracas,Gran Caracas,10.500455,-66.802431
4511,2796,Chacao Sur GSM,LMS,Miranda,Gran Caracas,Gran Caracas,10.491198,-66.858636
4512,2428,Esquina Padre Sierra,CNT,Distrito Capital,Gran Caracas,Gran Caracas,10.505964,-66.91633
4513,2421,Tribunales I,CNT,Distrito Capital,Gran Caracas,Gran Caracas,10.500214,-66.913886
4515,2407,Avenida El Parque,LMS,Miranda,Gran Caracas,Gran Caracas,10.491797,-66.86158
4517,3521,EL ZUMBADOR,SCR,Táchira,Occidente,Andes,7.978075,-72.110358
4523,1771,Las Piedras GUA,MCY,Guarico,Central,Centro,9.37245,-66.944
4525,1773,Las Delicias LAR,BTO,Lara,Central,Centro Occidente,9.820686,-69.31883
4526,1774,Maimire YAR,BTO,Yaracuy,Central,Centro Occidente,10.26202,-69.00784
4531,4403,Barrio Blanco,LCH,Anzoátegui,Oriente,Oriente,8.872575,-64.144989
4533,1332,Vial El Sombrero-Chaguaramas (DGT Corozo),MCY,Aragua,Central,Centro,10.2286,-67.4939
4534,4300,CANTV Las Americas,PTO,Bolívar,Oriente,Guayana,8.307853,-62.718219
4535,4305,Libertador Ciudad Bolivar (Las Moreas),PTO,Bolívar,Oriente,Guayana,8.13113,-63.526997
4536,1552,Micro GSM Av. Jose Antonio Paez Acarigua,ACA,Portuguesa,Central,Centro Occidente,9.56588,-69.201053
4537,1783,Micro GSM  Av. Venezuela BTO,BTO,Lara,Central,Centro Occidente,10.072908,-69.311914
4539,3479,Hospital Razetti BRN,ACA,Barinas,Occidente,Andes,8.620714,-70.205414
4543,1753,Guachara APR,SFA,Apure,Central,Centro,7.291361111111111,-68.3617777777778
4544,1772,Trinidad La Capilla PTG,ACA,Portuguesa,Central,Centro Occidente,8.714569,-68.832297
4545,2302,La Orchila DGT,CNT,Dependencias Federales,Gran Caracas,Gran Caracas,11.9532222,-66.68636111111
4546,2380,Gimnasio Cubierto UCV,LMS,Distrito Capital,Gran Caracas,Gran Caracas,10.493547,-66.881858
4547,4396,Barrio los Cocos,LCH,Sucre,Oriente,Oriente,10.641214,-63.258442
4549,4649,Mochima Pueblo,LCH,Sucre,Oriente,Oriente,10.34638,-64.341164
4552,4590,El Miamo,PTO,Bolívar,Oriente,Guayana,7.646025,-61.781497
4558,2682,Fuerte Tiuna (Ministerio de la Defensa),LMS,Distrito Capital,Gran Caracas,Gran Caracas,10.460773,-66.899888
4561,4263,La Asuncion II NVA (MVS La Asuncion),PLM,Nueva Esparta,Oriente,Oriente,11.04513,-63.860219
4562,1505,San Juan Sur BTO,BTO,Lara,Central,Centro Occidente,10.062241,-69.323386
4563,2624,Plaza Venezuela III,LMS,Distrito Capital,Gran Caracas,Gran Caracas,10.498075,-66.887386
4565,1667,Vial Pto Paez - Pto Ayacucho,SFA,Amazonas,Central,Guayana,5.95651,-67.3694
4566,4575,Upata Centro II (CANTV),PTO,Bolívar,Oriente,Guayana,8.01375,-62.40573
4571,4641,Autopista Cdad Bolívar Pto Ordaz,PTO,Bolívar,Oriente,Guayana,8.239944,-62.847361
4575,1450,Barrio Jose Felix Rivas BTO (DGT Cerrajones),BTO,Lara,Central,Centro Occidente,10.028464,-69.374942
4578,1501,Barrio Los Naranjos BTO MVS,BTO,Lara,Central,Centro Occidente,10.030686,-69.270497
4585,1787,Urb. Las Americas BTO (Mudanza),BTO,Lara,Central,Centro Occidente,10.047241,-69.388719
4586,1786,Camaguan GUA,MCY,Guarico,Central,Centro,8.12063,-67.606053
4587,2628,Meliá Caracas,LMS,Distrito Capital,Gran Caracas,Gran Caracas,10.4929,-66.8767
4590,4327,Guaca SUC,LCH,Sucre,Oriente,Oriente,10.670631,-63.396531
4595,3980,Residencia del Gobernador BRN,ACA,Barinas,Occidente,Andes,8.624528,-70.225591
4601,1510,Barrio Independencia San Felipe,BTO,Yaracuy,Central,Centro Occidente,10.330214,-68.747608
4603,1781,Turmero Centro Norte,MCY,Aragua,Central,Centro,10.231047,-67.474669
4604,1834,Turmero Centro Sur,MCY,Aragua,Central,Centro,10.220075,-67.47458
4605,4318,Venetur Margarita,PLM,Nueva Esparta,Oriente,Oriente,10.976647,-63.821306
4606,2425,Teresa Carreño,CNT,Distrito Capital,Gran Caracas,Gran Caracas,10.499019,-66.897997
4610,1678,Barrio Vicario III Calabozo,MCY,Guarico,Central,Centro,8.016111111,-67.00611111
4613,2830,Macarao II,FAJ,Distrito Capital,Gran Caracas,Gran Caracas,10.425227,-67.032082
4617,1624,Poblado 03 PTG,ACA,Portuguesa,Central,Centro Occidente,9.02244444,-68.94988889
4620,3533,Alto Barinas Sur Oeste MVS,ACA,Barinas,Occidente,Andes,8.61533,-70.26492
4621,3702,Barrio Mi Esperanza MVS,ACA,Barinas,Occidente,Andes,8.600064,-70.181728
4622,2644,Caruao,CNT,Vargas,Gran Caracas,Gran Caracas,10.603019,-66.350414
4623,1639,Cerro Bolívar (Cristo Viene) BTO,BTO,Lara,Central,Centro Occidente,10.09613,-69.27183
4624,3945,El Regalo BNS,ACA,Barinas,Occidente,Andes,8.438083,-69.173388
4627,4292,Santa Ana NVA,PLM,Nueva Esparta,Oriente,Oriente,11.068464,-63.923275
4628,4189,San Vicente MNG,PTO,Monagas,Oriente,Oriente,9.710964,-63.309386
4634,4690,Macolla 2 (Indovenezolana),LCH,Anzoátegui,Oriente,Oriente,8.671528,-64.81875
4638,3570,OROPE MVS,SCR,Táchira,Occidente,Andes,8.362083,-72.300861
4641,3544,LA BLANCA MRD,SCR,Mérida,Occidente,Andes,8.62436,-71.618082
4649,3775,ESCUQUE TRUJILLO,VRA,Trujillo,Occidente,Occidente,9.29,-70.67
4664,1929,San Gerónimo GRC,MCY,Guarico,Central,Centro,9.915614,-67.372239
4666,1952,Casa Amarilla GRC,MCY,Guarico,Central,Centro,8.949083333333334,-67.38125
4669,7002,Hidroelectrica Jose Antonio Paez Brns,ACA,Barinas,Occidente,Andes,8.82492,-70.51502
4682,4594,Pariaguan II,LCH,Anzoátegui,Oriente,Oriente,8.857,-64.70563889
4689,3334,AEROPUERTO SAN ANTONIO,SCR,Táchira,Occidente,Andes,7.83853,-72.4405
4696,1981,Barrio La Cruz Carora,BTO,Lara,Central,Centro Occidente,10.18726194,-70.073442
4700,4660,Lecherias Sur Mudanza,LCH,Anzoátegui,Oriente,Oriente,10.179861,-64.691055
4704,1301,La Mision Calabozo,MCY,Guarico,Central,Centro,10.2331,-67.5984
4705,3751,BELENSATE,SCR,Mérida,Occidente,Andes,8.57592,-71.18067
4715,4561,Guanape,LCH,Anzoátegui,Oriente,Oriente,9.911806,-65.519361
4720,4455,El Merey de Amana,PTO,Monagas,Oriente,Oriente,9.653133333,-62.989
4782,1168,La Victoria Centro,MCY,Aragua,Central,Centro,10.2796,-67.5707
4794,1491,Siquisiqui Centro LAR,BTO,Lara,Central,Centro Occidente,10.570428,-69.70013
4798,1779,Los Nuezales,ACA,Lara,Central,Centro Occidente,9.498417,-69.78375
4802,4423,Urb. Villa Asia BOL,PTO,Bolívar,Oriente,Guayana,8.2831,-62.7296
4805,4272,Moitaco BOL,PTO,Bolívar,Oriente,Guayana,8.001797,-64.355775
4821,4532,El Pao BOL,PTO,Bolívar,Oriente,Guayana,8.0311,-62.6569
4826,2963,Oritapo,CNT,Vargas,Gran Caracas,Gran Caracas,10.62745,-66.484493
4838,1513,Cagua Norte MVS,MCY,Aragua,Central,Centro,10.195554,-67.459228
4840,6014,Km 11 El Junquito,FAJ,Distrito Capital,Gran Caracas,Gran Caracas,10.477306,-67.01132222
4845,4422,Redoma Los Pajaros ANZ,LCH,Anzoátegui,Oriente,Oriente,10.120663,-64.678802
4847,2619,El Recreo Lamp Site,LMS,Distrito Capital,Gran Caracas,Gran Caracas,10.491274,-66.877535
4850,2912,El Silencio II (SAIME),CNT,Distrito Capital,Gran Caracas,Gran Caracas,10.502238,-66.917914
4851,6022,Caricuao CANTV,FAJ,Distrito Capital,Gran Caracas,Gran Caracas,10.434676,-66.985274
4876,1380,Cantv Acarigua,ACA,Portuguesa,Central,Centro Occidente,9.55662,-69.20629
4883,2783,Min Ciencia y Tecnologia Lamp Site,CNT,Distrito Capital,Gran Caracas,Gran Caracas,10.502787,-66.9158
4905,4745,BTS1905_Criogenico_Jose,LCH,Anzoátegui,Oriente,Oriente,10.081019,-64.874861
4980,1538,Chuao ARA,MCY,Aragua,Central,Centro,10.494658,-67.531247
5017,4793,Malena,PTO,Bolívar,Oriente,Guayana,7.761,-64.365
5020,2849,CANTV Equipos II LAB 1,CNT,Distrito Capital,Gran Caracas,Gran Caracas,10.5026306,-66.8941111
5024,2875,Camuri chico CANTV,CNT,Vargas,Gran Caracas,Gran Caracas,10.61002,-66.877962
5107,2341,El Recreo,LMS,Distrito Capital,Gran Caracas,Gran Caracas,10.491947,-66.877097
5110,2332,Brisas de Propatria (Plan de Manzano),CNT,Distrito Capital,Gran Caracas,Gran Caracas,10.505164,-66.96849
5112,2313,Chacao Sur,LMS,Miranda,Gran Caracas,Gran Caracas,10.490904,-66.857224
5118,4293,Rio Casanay SUC,LCH,Sucre,Oriente,Oriente,10.513741,-63.337164
5120,3526,La Guafita APR (PDVSA),SCR,Apure,Central,Centro,7.038936,-71.042608
5121,3879,Complejo Palma Sola BRN,ACA,Barinas,Occidente,Andes,8.59536,-70.22753
5122,2910,CANTV La Yaguara,FAJ,Distrito Capital,Gran Caracas,Gran Caracas,10.483306,-66.954167
5127,2672,Yacambu - Santa Mónica,LMS,Distrito Capital,Gran Caracas,Gran Caracas,10.471568,-66.885574
5128,3585,CABIMBU TRJ,VRA,Trujillo,Occidente,Occidente,9.184936,-70.49533
5132,3496,AV Industrial BRN,ACA,Barinas,Occidente,Andes,8.641019,-70.222608
5135,2772,Socarras Caracas,CNT,Distrito Capital,Gran Caracas,Gran Caracas,10.503673,-66.910585
5136,2674,Las Acacias - Caracas,LMS,Distrito Capital,Gran Caracas,Gran Caracas,10.485818,-66.902407
5138,2657,Plaza La Estrella - Caracas,CNT,Distrito Capital,Gran Caracas,Gran Caracas,10.508143,-66.902277
5141,4226,Los Altos SUC,LCH,Sucre,Oriente,Oriente,10.217639,-64.463239
5146,3912,Maporal - Santa Fe BRN,ACA,Barinas,Occidente,Andes,8.411995,-70.056081
5147,3396,ABEJALES CENTRO,SCR,Táchira,Occidente,Andes,7.620964,-71.511053
5151,4680,Los Melones FPO,LCH,Anzoátegui,Oriente,Oriente,8.708464,-63.777275
5152,4365,Puerto Hierro SUC,LCH,Sucre,Oriente,Oriente,10.635158,-62.092497
5154,4662,Zuata  MVS ANZ,LCH,Anzoátegui,Oriente,Oriente,8.355241,-65.199414
5155,4400,Guiria (Cantv),LCH,Sucre,Oriente,Oriente,10.575214,-62.300942
5156,4506,MORICHE SOLO (PDVSA),LCH,Anzoátegui,Oriente,Oriente,8.508825,-64.925719
5157,4390,Sabilar Urb El Brasil,LCH,Sucre,Oriente,Oriente,10.422417,-64.167417
5158,2355,Barrio Jose Felix Ribas - La Bombilla,LUR,Miranda,Gran Caracas,Gran Caracas,10.491053,-66.795046
5160,2652,Barrio La Linea - Catia,CNT,Distrito Capital,Gran Caracas,Gran Caracas,10.516953,-66.944261
5161,2855,CIUDAD MARICHES,LUR,Miranda,Gran Caracas,Gran Caracas,10.451109,-66.76353
5163,2857,Ciudad Tiuna-China,LMS,Distrito Capital,Gran Caracas,Gran Caracas,10.454832,-66.913222
5178,4345,Av Peñalver El Tigre (MVS Av Peñalver),LCH,Anzoátegui,Oriente,Oriente,8.89805,-64.24277
5184,2931,"Ministerio de Ciencia, Tecnología e Innovación",CNT,Distrito Capital,Gran Caracas,Gran Caracas,10.503394,-66.911956
5187,2947,Circulo Militar,LMS,Distrito Capital,Gran Caracas,Gran Caracas,10.469179,-66.897824
5189,2559,Parque Humboldt II,LMS,Miranda,Gran Caracas,Gran Caracas,10.44925,-66.862547
5190,999999,El Silencio II SAIME,CNT,Distrito Capital,Gran Caracas,Gran Caracas,10.502238,-66.917914
5191,2913,UNEARTE,CNT,Distrito Capital,Gran Caracas,Gran Caracas,10.500199,-66.898211
5196,3535,LOS AZULEJOS TCH,SCR,Táchira,Occidente,Andes,7.792666,-72.250114
5211,3476,LA QUIRACHA RUBIO MVS,SCR,Táchira,Occidente,Andes,7.69597,-72.34678
5252,2844,PDVSA La Campiña,LMS,Distrito Capital,Gran Caracas,Gran Caracas,10.496532,-66.873007
5300,4291,Teresen MNG,PTO,Monagas,Oriente,Oriente,10.191241,-63.469664
5418,4815,Macagua Corpoelec Bunker,PTO,Bolívar,Oriente,Guayana,8.2909167,-62.65833305
5459,6040,Pozo de Rosas DGT,CNT,Miranda,Gran Caracas,Gran Caracas,10.342403,-67.097328
5489,4816,Cerro La Becerra Corpoelec,PTO,Bolívar,Oriente,Guayana,7.7647222,-63.0238888888888
5508,1980,San Juan de los Morros I,MCY,Guarico,Central,Centro,9.9073237,-67.3567689
5510,4817,Guri Casa Maquina II,PTO,Bolívar,Oriente,Guayana,7.768056,-62.9975
5520,4818,CANTV Jorge Coll,PLM,Nueva Esparta,Oriente,Oriente,10.0006944,-63.1785552777777
5522,6006,Puerto Cruz HW_Vargas,CNT,Vargas,Gran Caracas,Gran Caracas,10.531607,-67.335014
5529,3835,PDVSA El QUINCE,SCR,Mérida,Occidente,Andes,8.57184,-71.763233
5530,6023,Mariche CNE,LUR,Miranda,Gran Caracas,Gran Caracas,10.484958,-66.78644
5531,1933,Ciudad Caribia II,CNT,Vargas,Gran Caracas,Gran Caracas,10.534469,-67.02807
5532,6024,Catia La Mar,CNT,Vargas,Gran Caracas,Gran Caracas,10.606297,-67.024786
5533,6025,Catia La Mar II HW,CNT,Vargas,Gran Caracas,Gran Caracas,10.597019,-67.040553
5534,6026,Aeropuerto Simon Bolivar (IAIM),CNT,Vargas,Gran Caracas,Gran Caracas,10.597668,-67.002458
5535,6027,Maiquetia,CNT,Vargas,Gran Caracas,Gran Caracas,10.608075,-67.00558
5536,6028,Montesano,CNT,Vargas,Gran Caracas,Gran Caracas,10.598187,-66.977186
5538,6029,La Guaira,CNT,Vargas,Gran Caracas,Gran Caracas,10.601697,-66.933786
5541,6033,Pariata,CNT,Vargas,Gran Caracas,Gran Caracas,10.599297,-66.951886
5542,6034,Punta de Mulato Vargas,CNT,Vargas,Gran Caracas,Gran Caracas,10.602677,-66.913086
5545,2298,Chichiriviche Costa DGT,CNT,Vargas,Gran Caracas,Gran Caracas,10.551797,-67.233486
5985,3469,San Rafael de Canagua BRN,ACA,Barinas,Occidente,Andes,8.036269,-70.020247
5995,1855,El Calvario GRC,MCY,Guarico,Central,Centro,8.982414,-66.996261
5996,3497,Mijagual BRN,ACA,Barinas,Occidente,Andes,8.569491,-69.791969
6208,3780,CANTV CUICAS TRJ,VRA,Trujillo,Occidente,Occidente,9.689757,-70.302972
6359,4163,Carapal De Guara DAM,PTO,Delta Amacuro,Oriente,Guayana,8.889575,-62.049108
